id,train_run,date
0,448,2021-02-03 00:31:02.712982
1,2117,2021-05-26 23:28:59.505919
2,137,2021-04-08 13:50:57.578594
3,2572,2021-01-13 21:26:16.104028
4,2311,2021-02-15 21:46:09.131882
5,1099,2021-01-23 15:33:13.918886
6,249,2021-05-10 15:04:48.883263
7,1065,2021-02-19 06:18:07.789951
8,1332,2021-02-03 07:15:50.334263
9,1635,2021-05-10 01:24:19.710947
10,2336,2021-06-26 18:36:06.800324
11,266,2021-03-19 17:21:06.920215
12,2744,2021-06-12 21:43:41.158373
13,2299,2021-03-06 00:44:16.227516
14,1033,2021-05-11 09:45:26.018792
15,2385,2021-01-04 07:06:06.200650
16,2735,2021-05-02 03:29:08.706592
17,931,2021-04-08 17:52:33.938530
18,163,2021-01-20 07:41:01.350328
19,807,2021-03-05 03:41:12.696221
20,2021,2021-04-06 21:17:50.187786
21,378,2021-06-18 07:47:47.305161
22,1580,2021-02-10 01:34:51.871993
23,1317,2021-03-20 05:28:29.274243
24,2593,2021-06-02 17:28:21.064468
25,1646,2021-01-04 02:01:42.654798
26,1896,2021-03-29 03:09:02.754666
27,1925,2021-06-15 06:08:14.396029
28,2308,2021-06-27 08:54:01.396001
29,850,2021-01-23 10:39:13.880163
30,808,2021-04-15 06:11:31.533443
31,1033,2021-05-29 07:31:19.183742
32,298,2021-05-09 16:28:50.410068
33,549,2021-04-22 13:13:00.044590
34,2230,2021-06-09 19:42:29.819218
35,2104,2021-03-31 02:44:49.202857
36,2564,2021-05-31 22:36:16.740739
37,802,2021-04-17 15:29:08.467682
38,748,2021-01-14 18:42:02.353698
39,2386,2021-01-19 18:33:17.865680
40,1416,2021-04-19 11:39:04.901094
41,1185,2021-03-27 14:15:10.057663
42,230,2021-05-15 18:27:11.474615
43,654,2021-03-12 17:32:43.376370
44,2723,2021-01-05 11:56:09.857544
45,735,2021-05-23 10:05:40.097857
46,122,2021-05-08 00:55:09.981658
47,2627,2021-03-21 01:18:18.061428
48,525,2021-06-09 13:16:49.581791
49,838,2021-02-02 18:21:59.575231
50,1596,2021-01-07 16:35:30.680610
51,2378,2021-03-29 04:45:54.441487
52,173,2021-03-03 15:19:29.279419
53,1442,2021-05-05 19:15:07.996211
54,183,2021-02-15 08:23:45.461318
55,1487,2021-02-04 20:54:19.626006
56,2015,2021-02-10 06:47:14.310936
57,1038,2021-06-01 06:23:57.114613
58,669,2021-06-02 08:38:36.492010
59,1506,2021-04-18 02:12:07.125827
60,2167,2021-06-24 13:39:36.371151
61,1521,2021-01-22 03:36:38.436320
62,351,2021-01-22 19:37:11.233125
63,2532,2021-04-23 09:43:33.421191
64,2367,2021-04-29 01:45:03.653254
65,1995,2021-05-23 00:38:06.276790
66,997,2021-01-14 12:00:51.872990
67,2648,2021-01-26 08:02:19.733248
68,282,2021-02-06 14:28:32.999788
69,1806,2021-05-20 19:29:51.777195
70,2230,2021-02-21 13:35:12.901297
71,553,2021-01-16 12:05:11.665437
72,303,2021-01-30 18:42:57.428689
73,1609,2021-01-29 11:31:03.903725
74,2256,2021-02-05 16:23:35.699631
75,219,2021-02-27 03:35:15.765755
76,1351,2021-02-24 06:54:14.830372
77,1055,2021-03-07 00:41:40.361507
78,2004,2021-06-23 04:48:30.303393
79,595,2021-05-28 20:33:37.887120
80,296,2021-04-05 15:12:18.939668
81,1490,2021-01-19 01:17:51.012308
82,1264,2021-06-03 20:05:30.931608
83,1560,2021-01-17 06:47:03.346153
84,2637,2021-03-28 18:53:43.778181
85,564,2021-06-18 06:59:17.957176
86,473,2021-04-10 18:04:13.807964
87,2015,2021-06-14 21:41:51.267512
88,957,2021-02-25 03:27:39.205855
89,13,2021-05-05 01:37:13.638805
90,2300,2021-06-10 19:54:36.711328
91,2034,2021-01-29 05:16:08.022211
92,519,2021-04-12 07:55:59.864581
93,297,2021-03-26 02:29:53.180430
94,1449,2021-06-20 00:49:26.904418
95,1850,2021-05-01 20:04:19.984502
96,2184,2021-01-21 22:48:27.527571
97,1358,2021-04-09 10:35:28.269833
98,1246,2021-01-06 23:03:18.703489
99,2144,2021-01-21 21:46:55.103070
100,401,2021-06-06 18:51:52.149978
101,1199,2021-03-08 05:07:34.399228
102,1616,2021-04-26 00:56:31.913439
103,2560,2021-05-28 18:57:49.900701
104,1856,2021-06-01 11:45:50.438306
105,2254,2021-03-11 07:12:47.225099
106,1864,2021-03-07 10:55:01.467596
107,2488,2021-05-29 13:20:07.214186
108,806,2021-05-19 01:21:45.797845
109,1025,2021-02-19 17:34:25.714036
110,1474,2021-06-26 16:02:11.071875
111,2243,2021-01-10 11:40:59.288225
112,2440,2021-04-26 15:38:02.414848
113,85,2021-01-15 11:11:59.139402
114,63,2021-04-06 23:05:58.790878
115,2513,2021-01-20 05:09:58.707125
116,1356,2021-06-14 04:59:41.076373
117,2723,2021-06-14 13:20:12.132202
118,1151,2021-04-23 06:32:08.700384
119,1322,2021-01-28 20:37:16.634460
120,1998,2021-01-01 02:34:02.155044
121,589,2021-06-01 01:43:25.813070
122,2043,2021-03-07 12:10:16.656518
123,311,2021-06-16 15:35:57.530941
124,874,2021-05-04 05:02:25.339199
125,1458,2021-04-15 03:03:45.512188
126,1668,2021-05-22 17:37:10.852783
127,2141,2021-06-25 10:14:11.984770
128,317,2021-02-24 07:56:30.641003
129,271,2021-03-23 22:04:46.861793
130,247,2021-06-04 10:17:37.753531
131,75,2021-01-27 12:57:04.284645
132,741,2021-01-21 00:01:44.435087
133,7,2021-03-31 03:23:15.215126
134,2474,2021-05-10 19:42:08.371275
135,2632,2021-02-11 19:46:38.724758
136,713,2021-03-15 01:25:40.757438
137,1656,2021-01-27 13:19:27.692239
138,1630,2021-06-25 22:21:34.592502
139,1313,2021-03-13 18:59:39.494965
140,247,2021-01-18 06:54:38.475643
141,898,2021-06-03 07:07:01.550514
142,144,2021-06-08 03:07:49.575666
143,1490,2021-01-22 08:58:12.500987
144,1234,2021-05-02 07:52:27.621674
145,83,2021-05-12 20:03:23.108923
146,2683,2021-06-06 12:10:32.746550
147,329,2021-06-23 22:19:47.256480
148,997,2021-02-06 13:14:09.844011
149,2691,2021-05-01 16:01:45.024111
150,2684,2021-05-06 20:26:50.916135
151,2138,2021-01-23 22:30:47.673707
152,2456,2021-03-06 09:35:46.053466
153,1308,2021-02-25 09:05:13.509244
154,1388,2021-02-20 02:32:37.915258
155,1962,2021-01-05 01:05:27.319275
156,2685,2021-04-10 01:52:13.767790
157,97,2021-04-13 08:18:00.464542
158,1254,2021-06-02 20:58:34.825553
159,1696,2021-04-14 15:30:53.962897
160,1965,2021-05-27 20:43:23.695988
161,532,2021-06-13 17:18:58.076901
162,675,2021-02-11 21:45:53.848483
163,2738,2021-05-12 21:12:02.978492
164,2154,2021-01-06 09:04:23.500370
165,2401,2021-01-31 06:40:52.936359
166,621,2021-02-26 23:09:18.248400
167,986,2021-04-09 03:22:26.096646
168,464,2021-06-05 03:41:56.544270
169,2154,2021-06-16 16:02:47.081118
170,82,2021-05-29 10:45:56.146764
171,1816,2021-06-28 10:48:40.581916
172,628,2021-05-16 13:44:56.590467
173,1877,2021-02-09 01:10:07.735902
174,1122,2021-02-03 11:32:50.631570
175,1327,2021-06-15 17:37:09.410147
176,2652,2021-06-23 12:13:13.934722
177,1739,2021-06-10 16:28:03.358227
178,2032,2021-06-03 22:01:58.144735
179,254,2021-04-18 22:20:39.784654
180,1535,2021-06-05 12:08:25.617234
181,1513,2021-04-16 11:48:26.070957
182,1391,2021-01-22 04:54:38.820465
183,843,2021-06-24 02:09:25.841875
184,1274,2021-02-20 18:40:26.490784
185,796,2021-03-24 08:49:04.102284
186,2109,2021-02-10 08:59:32.952160
187,1551,2021-06-08 04:14:21.233965
188,2522,2021-03-29 19:04:23.553015
189,369,2021-02-02 10:35:11.892904
190,1015,2021-04-19 04:09:06.016428
191,376,2021-02-03 15:05:31.554097
192,2524,2021-05-27 10:59:38.568424
193,647,2021-02-20 10:26:43.607847
194,2703,2021-01-31 16:41:40.320631
195,578,2021-01-10 10:28:42.384822
196,2364,2021-06-10 14:24:38.371567
197,2236,2021-05-20 03:31:40.900832
198,2451,2021-04-12 12:12:25.819111
199,727,2021-01-20 01:33:19.377820
200,2284,2021-06-29 19:02:55.472058
201,1511,2021-05-21 16:14:18.688317
202,2666,2021-04-15 10:34:09.265690
203,489,2021-02-23 21:19:42.194250
204,39,2021-02-13 03:18:48.026869
205,1235,2021-03-13 10:38:26.892075
206,520,2021-06-03 07:06:04.114986
207,1317,2021-01-03 11:55:02.345020
208,1129,2021-02-16 09:13:44.457025
209,25,2021-05-23 15:13:35.385304
210,213,2021-01-12 10:39:12.152824
211,882,2021-06-06 16:56:51.656746
212,2524,2021-06-08 20:44:03.210498
213,2220,2021-02-09 23:20:20.316366
214,2229,2021-02-02 05:48:39.213139
215,1439,2021-01-12 09:49:38.100353
216,2510,2021-06-12 23:21:52.144097
217,2193,2021-01-25 17:41:29.229617
218,1797,2021-01-18 10:01:58.015221
219,395,2021-03-20 15:17:32.821577
220,2678,2021-02-21 14:54:11.737360
221,84,2021-03-30 07:17:18.557065
222,1015,2021-06-03 17:26:41.589283
223,8,2021-05-23 16:23:48.793830
224,863,2021-05-27 03:53:00.570034
225,1673,2021-01-25 14:57:30.378010
226,486,2021-02-12 16:50:25.718054
227,2546,2021-05-17 20:14:26.247304
228,1462,2021-01-12 08:26:18.547127
229,2371,2021-03-15 07:16:11.192160
230,838,2021-06-26 17:36:48.666609
231,2447,2021-01-04 21:56:35.273521
232,621,2021-06-15 17:49:31.570584
233,1699,2021-05-06 21:17:04.796969
234,1757,2021-05-04 04:13:30.643276
235,1135,2021-05-20 03:34:50.506397
236,876,2021-06-12 06:58:30.364591
237,1768,2021-04-19 05:17:46.468986
238,2559,2021-02-26 18:34:17.611191
239,2555,2021-06-12 03:25:22.098938
240,107,2021-04-25 15:33:17.992401
241,1383,2021-04-09 00:12:27.386728
242,665,2021-01-17 06:36:56.514594
243,2,2021-02-19 21:30:09.381454
244,2251,2021-05-13 12:47:59.839766
245,903,2021-03-11 08:22:39.573827
246,538,2021-05-30 16:47:51.706583
247,1884,2021-03-08 06:52:17.553789
248,1156,2021-05-01 11:47:53.724635
249,138,2021-04-25 18:04:57.626283
250,2712,2021-04-14 18:56:41.159801
251,1317,2021-05-23 21:33:19.966062
252,128,2021-05-09 17:45:25.194694
253,1793,2021-06-03 01:55:52.798378
254,1427,2021-02-10 23:20:16.830250
255,210,2021-02-12 01:47:39.914901
256,1507,2021-02-28 05:36:12.350364
257,1135,2021-03-19 10:32:54.455635
258,1339,2021-01-01 18:42:01.591719
259,334,2021-04-06 21:36:47.134495
260,1357,2021-02-20 01:43:58.989343
261,2160,2021-01-11 09:16:14.815665
262,1672,2021-06-19 04:24:37.281969
263,184,2021-04-27 10:57:13.471376
264,845,2021-05-03 03:36:44.419246
265,1514,2021-05-13 17:28:27.764132
266,1137,2021-06-07 00:31:27.747442
267,2066,2021-01-03 08:22:22.715553
268,2081,2021-06-13 14:46:39.062396
269,159,2021-02-05 03:51:28.235608
270,484,2021-06-27 19:48:56.266205
271,1462,2021-03-29 02:54:56.885957
272,1090,2021-06-13 23:48:38.734762
273,2295,2021-03-09 07:08:59.999844
274,1878,2021-05-24 19:43:53.760309
275,2365,2021-02-28 13:07:00.438197
276,1721,2021-06-23 14:59:02.411548
277,843,2021-03-18 11:52:58.273383
278,402,2021-06-06 06:03:58.937519
279,722,2021-02-15 05:12:56.763303
280,51,2021-02-11 01:05:29.919116
281,1380,2021-05-01 02:20:50.963029
282,931,2021-06-01 18:11:14.840046
283,1039,2021-06-02 02:52:42.805708
284,1654,2021-05-05 01:51:09.678618
285,2594,2021-01-17 11:50:43.015589
286,1568,2021-04-18 21:23:28.753774
287,482,2021-04-03 08:40:40.910835
288,311,2021-05-16 21:08:01.793543
289,505,2021-04-24 08:53:30.082211
290,901,2021-05-02 14:29:40.695360
291,1083,2021-03-21 10:11:09.722211
292,2434,2021-03-27 19:08:26.110574
293,261,2021-01-25 14:41:45.911304
294,1932,2021-02-06 19:20:29.631890
295,2102,2021-06-01 10:05:05.841598
296,1547,2021-02-11 02:50:16.657420
297,526,2021-06-29 07:51:46.310063
298,472,2021-01-26 00:19:39.324065
299,1069,2021-01-06 04:43:05.796491
300,2611,2021-04-16 12:30:00.604247
301,845,2021-06-10 12:58:02.292715
302,2046,2021-03-27 21:46:39.620189
303,2020,2021-01-28 01:48:36.196332
304,87,2021-01-09 16:08:53.035379
305,1976,2021-04-21 15:05:36.912185
306,1900,2021-06-29 07:59:34.025982
307,1065,2021-05-29 15:19:36.473789
308,1861,2021-02-15 12:13:37.681771
309,1743,2021-04-20 18:30:14.555924
310,885,2021-03-28 22:30:01.012938
311,223,2021-06-08 07:06:44.746337
312,2711,2021-05-24 12:24:28.261094
313,106,2021-06-26 02:05:58.423582
314,1357,2021-03-31 19:46:53.903985
315,126,2021-02-16 11:33:12.514316
316,1837,2021-05-20 21:45:48.720186
317,2512,2021-03-21 12:49:28.950810
318,619,2021-01-25 11:42:41.326440
319,261,2021-06-16 00:34:06.086333
320,366,2021-03-10 15:02:01.868140
321,1656,2021-06-24 02:15:54.962973
322,754,2021-04-24 13:09:58.235671
323,2616,2021-03-06 07:25:36.800358
324,2261,2021-05-29 01:56:55.881298
325,1827,2021-02-15 22:59:08.935642
326,2685,2021-01-27 10:14:56.694980
327,2427,2021-03-09 17:27:16.982124
328,596,2021-06-29 01:02:41.499894
329,2257,2021-06-17 22:45:26.830108
330,1637,2021-03-18 07:29:03.708611
331,673,2021-01-22 03:24:46.666782
332,1338,2021-05-17 06:43:14.614754
333,852,2021-01-17 08:13:11.041464
334,1956,2021-03-04 06:34:47.327925
335,390,2021-01-31 22:27:53.514092
336,2273,2021-02-12 11:18:49.901180
337,449,2021-06-19 14:36:50.003657
338,1921,2021-01-25 07:41:36.095153
339,1331,2021-05-31 12:05:08.457944
340,969,2021-04-24 12:58:51.490037
341,930,2021-05-31 11:13:21.568111
342,2535,2021-05-29 17:34:10.726279
343,2177,2021-04-10 11:10:28.858564
344,1546,2021-04-25 04:04:08.078306
345,238,2021-02-25 07:34:23.440741
346,447,2021-04-22 03:32:11.376457
347,1496,2021-04-21 04:32:27.587807
348,337,2021-05-15 01:23:38.481221
349,2048,2021-01-23 08:46:44.897380
350,1696,2021-03-25 17:43:43.946383
351,617,2021-05-10 12:36:16.914762
352,1142,2021-01-31 17:05:53.013033
353,219,2021-06-21 03:06:30.474927
354,851,2021-01-18 08:07:39.689606
355,1074,2021-01-13 06:23:41.719542
356,2670,2021-03-27 22:30:13.756284
357,355,2021-02-03 01:59:30.316815
358,2507,2021-04-14 12:49:06.819729
359,451,2021-03-25 02:23:17.353200
360,163,2021-04-18 23:55:18.516744
361,1883,2021-02-09 23:13:39.084467
362,1945,2021-01-18 04:34:13.340160
363,790,2021-04-11 21:11:35.944567
364,2411,2021-01-11 07:47:08.415724
365,1934,2021-06-15 20:41:21.945802
366,2216,2021-02-02 08:19:41.504768
367,1371,2021-02-11 11:25:28.257749
368,2350,2021-04-08 14:18:35.890614
369,1479,2021-05-28 04:41:51.592451
370,581,2021-06-25 06:03:16.156726
371,105,2021-03-26 00:36:33.699053
372,1281,2021-06-06 05:28:51.472089
373,397,2021-06-29 06:58:01.369895
374,147,2021-05-22 20:02:56.380597
375,904,2021-03-07 16:38:47.862080
376,1489,2021-05-05 02:43:23.683107
377,1332,2021-03-20 08:24:10.196703
378,2087,2021-06-10 21:53:44.066781
379,504,2021-02-28 07:21:05.798245
380,1313,2021-02-09 04:07:49.123511
381,1648,2021-06-28 22:23:38.370352
382,1247,2021-05-06 08:15:07.823297
383,2468,2021-04-26 04:54:43.899163
384,807,2021-03-02 01:50:56.432207
385,2482,2021-06-02 20:31:00.070521
386,353,2021-02-07 04:24:28.438783
387,1804,2021-03-11 04:22:17.345195
388,622,2021-06-11 09:23:56.792038
389,825,2021-01-20 04:44:42.522702
390,906,2021-06-18 01:21:35.307984
391,2684,2021-01-10 19:20:38.319491
392,1198,2021-03-04 17:57:32.458600
393,2248,2021-05-30 00:21:48.801939
394,2488,2021-05-29 01:18:53.506515
395,2050,2021-06-19 02:38:10.660172
396,838,2021-05-05 22:52:33.064785
397,159,2021-02-04 11:04:26.625375
398,1893,2021-05-17 14:54:40.675181
399,2385,2021-01-19 03:54:08.577084
400,123,2021-02-05 05:47:46.961820
401,1828,2021-06-19 03:34:05.430870
402,2600,2021-06-13 16:01:02.107198
403,1,2021-03-25 04:36:07.236538
404,751,2021-03-22 04:30:25.433552
405,2143,2021-03-13 01:06:56.503214
406,2237,2021-02-28 05:55:21.070091
407,787,2021-01-20 12:38:36.470252
408,2331,2021-01-01 02:50:43.492492
409,596,2021-02-01 20:34:56.556007
410,2543,2021-02-28 03:33:21.210114
411,1788,2021-04-08 21:03:08.167569
412,1309,2021-04-09 20:18:12.418357
413,1413,2021-03-06 02:51:44.123674
414,1644,2021-02-18 13:23:57.298124
415,1411,2021-06-07 05:43:30.687726
416,1818,2021-05-16 04:25:54.561151
417,1219,2021-03-05 05:59:50.503152
418,2719,2021-03-28 17:19:19.176646
419,2264,2021-03-04 12:59:23.849808
420,271,2021-02-23 13:47:25.354590
421,2436,2021-01-02 03:57:30.473284
422,515,2021-02-14 08:18:17.333694
423,1539,2021-02-27 22:54:00.541138
424,688,2021-06-28 03:00:34.237354
425,1004,2021-03-15 10:32:25.005684
426,591,2021-04-16 06:35:10.126007
427,1942,2021-01-30 06:24:53.291186
428,11,2021-02-25 21:15:32.551983
429,875,2021-03-23 04:22:57.103604
430,390,2021-03-05 10:46:57.584307
431,1931,2021-01-05 00:09:22.754771
432,2613,2021-04-19 10:22:02.190614
433,1665,2021-02-01 12:18:32.623173
434,225,2021-06-11 17:30:14.550084
435,233,2021-06-26 08:32:55.036014
436,177,2021-05-14 20:16:34.583338
437,2203,2021-06-04 22:38:32.096833
438,922,2021-04-04 17:10:55.086326
439,735,2021-04-18 05:35:55.416879
440,2347,2021-03-26 09:09:46.513904
441,1990,2021-01-01 00:34:13.454911
442,1895,2021-01-26 01:03:37.362084
443,1558,2021-06-21 23:52:09.299872
444,1895,2021-01-04 20:05:51.830952
445,2136,2021-01-23 10:03:14.597681
446,525,2021-05-23 23:34:05.290276
447,1545,2021-05-30 08:35:31.043889
448,1109,2021-02-28 13:06:33.197894
449,539,2021-06-13 15:08:02.496861
450,2624,2021-01-14 03:28:35.288096
451,2398,2021-05-17 15:40:43.198776
452,852,2021-05-19 02:07:39.106326
453,124,2021-01-18 22:46:13.884798
454,883,2021-04-30 03:01:50.033322
455,1237,2021-06-09 00:32:36.134658
456,123,2021-02-08 21:49:12.295922
457,289,2021-05-19 08:28:18.162926
458,2192,2021-04-25 14:17:46.600913
459,2441,2021-05-01 12:20:29.054757
460,2546,2021-05-08 18:48:13.859001
461,166,2021-03-25 20:04:42.328485
462,728,2021-04-11 22:27:44.137347
463,523,2021-04-21 12:37:10.425065
464,2504,2021-01-28 10:30:27.563636
465,783,2021-04-18 21:14:31.725167
466,216,2021-04-07 10:50:02.393798
467,335,2021-02-02 14:06:15.587647
468,1447,2021-03-01 08:08:24.632920
469,1702,2021-06-22 14:08:21.195615
470,314,2021-06-23 08:21:48.937454
471,627,2021-06-23 22:35:09.765783
472,1523,2021-03-13 23:32:05.631896
473,2369,2021-01-09 05:01:04.231234
474,1077,2021-03-14 03:03:52.393039
475,236,2021-01-14 13:25:55.155346
476,2165,2021-01-29 17:13:08.865748
477,1931,2021-03-27 15:24:19.852653
478,2510,2021-01-06 04:31:34.632590
479,366,2021-05-21 03:28:06.846771
480,157,2021-02-14 00:14:10.749240
481,46,2021-01-21 02:48:09.069941
482,1703,2021-02-24 11:00:22.759714
483,1438,2021-05-15 11:23:27.007435
484,1076,2021-04-05 10:11:54.462426
485,116,2021-01-30 11:49:46.289775
486,2378,2021-06-16 07:10:47.168756
487,178,2021-01-25 22:32:48.969017
488,1168,2021-04-16 07:08:21.202622
489,2123,2021-05-23 07:15:05.829136
490,1952,2021-05-01 15:50:01.538954
491,2645,2021-06-24 22:13:32.902007
492,688,2021-05-04 19:47:46.322678
493,2574,2021-01-24 10:02:36.480708
494,2565,2021-03-01 10:01:26.981376
495,1435,2021-06-13 14:05:22.795986
496,8,2021-01-16 05:58:14.715495
497,1775,2021-02-26 00:56:35.934732
498,1515,2021-05-24 00:03:31.795565
499,542,2021-01-28 22:21:40.553455
500,1972,2021-02-03 13:54:53.575567
501,2293,2021-04-05 17:07:16.732214
502,547,2021-04-08 04:52:53.425391
503,1456,2021-05-15 23:51:44.593798
504,2024,2021-01-30 00:55:17.379088
505,671,2021-02-13 10:19:25.643603
506,144,2021-04-09 13:04:28.772384
507,1028,2021-04-01 06:55:47.504830
508,1534,2021-04-19 04:13:28.128829
509,1976,2021-02-20 08:14:19.391875
510,1785,2021-01-15 21:13:24.986491
511,201,2021-04-09 12:45:38.514888
512,300,2021-01-12 17:36:36.934705
513,2192,2021-02-24 17:49:11.973052
514,287,2021-05-06 23:35:28.810520
515,147,2021-03-19 01:21:46.283803
516,68,2021-02-25 21:31:26.497817
517,649,2021-06-25 23:19:37.381112
518,44,2021-02-26 09:30:16.017717
519,1314,2021-04-25 21:45:23.616573
520,1672,2021-01-01 05:03:29.030168
521,1349,2021-03-03 20:57:59.513743
522,842,2021-02-09 01:13:57.542047
523,1811,2021-01-21 11:06:35.764217
524,818,2021-05-28 10:40:22.323186
525,1145,2021-06-25 17:41:21.482415
526,1875,2021-01-19 11:26:29.361304
527,633,2021-05-04 08:57:12.119382
528,2291,2021-06-15 13:41:31.982844
529,685,2021-04-27 22:07:34.411896
530,184,2021-05-11 01:25:32.003580
531,6,2021-06-24 16:41:51.951467
532,1246,2021-05-10 21:43:54.129988
533,929,2021-01-16 08:19:56.208800
534,2591,2021-04-01 10:57:01.962926
535,1295,2021-05-15 17:18:20.227753
536,734,2021-03-25 06:31:42.690785
537,2320,2021-03-12 18:57:29.284070
538,1987,2021-05-19 23:17:02.348014
539,627,2021-06-19 21:07:33.568962
540,752,2021-06-04 15:26:13.400387
541,2424,2021-05-18 04:32:32.355137
542,987,2021-06-16 12:26:14.820277
543,2082,2021-01-27 15:26:52.660351
544,1389,2021-01-07 11:05:52.942074
545,1800,2021-04-01 23:33:26.326309
546,1003,2021-06-09 10:25:24.799712
547,1065,2021-01-12 10:48:10.992192
548,2082,2021-02-10 14:17:48.016167
549,1088,2021-01-13 01:16:55.962790
550,2635,2021-06-07 00:24:38.298117
551,2660,2021-03-22 10:19:00.505998
552,1957,2021-02-13 14:23:19.400113
553,2072,2021-06-04 01:00:45.310869
554,1501,2021-05-19 08:44:46.441168
555,2689,2021-03-04 23:01:48.437821
556,1873,2021-01-20 15:20:31.310067
557,265,2021-05-03 15:25:23.956603
558,80,2021-01-08 03:35:14.840421
559,212,2021-01-04 07:38:05.292046
560,1316,2021-01-16 04:02:02.677519
561,453,2021-05-30 09:12:25.299104
562,1985,2021-02-22 14:58:52.222232
563,1330,2021-05-07 06:25:23.556949
564,2503,2021-05-23 03:07:32.410235
565,304,2021-04-18 12:53:46.277009
566,2703,2021-04-22 21:26:03.520892
567,703,2021-03-18 04:37:32.009172
568,1357,2021-04-13 04:53:29.929947
569,725,2021-04-24 03:52:36.053882
570,564,2021-02-04 10:49:20.557303
571,1788,2021-04-13 20:08:42.003146
572,1084,2021-03-05 09:59:54.038043
573,1181,2021-03-02 21:06:14.392847
574,1384,2021-06-14 09:43:23.986220
575,657,2021-02-13 04:25:31.973142
576,1947,2021-02-07 19:57:06.224122
577,577,2021-04-30 17:06:42.809942
578,2186,2021-05-18 07:11:57.035028
579,684,2021-04-29 22:45:52.944742
580,180,2021-05-29 04:57:33.241885
581,964,2021-01-29 01:15:36.700846
582,2533,2021-06-07 12:06:47.933373
583,235,2021-01-08 20:46:52.240191
584,2644,2021-01-05 07:59:43.717664
585,1643,2021-06-20 00:50:12.791893
586,1828,2021-05-03 00:36:43.382633
587,959,2021-06-25 09:09:10.783841
588,1526,2021-04-13 21:09:51.775810
589,332,2021-01-14 23:41:43.497792
590,1085,2021-04-16 16:30:13.841141
591,1822,2021-02-15 04:19:11.454037
592,1260,2021-03-23 07:54:17.613346
593,341,2021-02-27 15:52:09.030827
594,2546,2021-03-15 08:20:05.965188
595,67,2021-02-02 02:36:36.121490
596,2091,2021-03-17 16:53:54.499312
597,1482,2021-04-20 00:08:19.186255
598,2307,2021-05-30 13:31:06.139868
599,614,2021-04-05 03:18:13.644373
600,2224,2021-02-24 09:11:48.958967
601,2479,2021-04-22 04:31:37.539946
602,1333,2021-03-13 12:29:23.572750
603,1108,2021-03-16 23:16:58.463692
604,2729,2021-03-26 11:32:11.921111
605,1768,2021-01-31 12:11:51.872097
606,2517,2021-02-25 22:58:22.167481
607,1943,2021-03-11 16:13:08.141420
608,2155,2021-05-18 14:46:26.047117
609,337,2021-06-26 08:17:24.226852
610,786,2021-04-26 08:41:38.876326
611,759,2021-03-26 12:32:40.509686
612,1269,2021-03-06 20:03:35.581255
613,277,2021-05-07 05:26:10.811182
614,476,2021-06-13 14:16:32.818120
615,2418,2021-05-24 09:53:36.906736
616,1528,2021-04-02 13:57:35.194746
617,1682,2021-05-30 11:31:14.496873
618,1176,2021-06-19 08:44:46.862638
619,2745,2021-06-01 14:26:31.572515
620,2176,2021-05-30 07:04:31.637732
621,650,2021-06-24 18:43:00.776125
622,36,2021-06-15 14:43:18.497837
623,2387,2021-05-13 22:45:26.246250
624,955,2021-03-09 08:20:32.035675
625,1874,2021-04-18 08:16:31.997444
626,1831,2021-05-11 09:49:00.224519
627,2001,2021-05-04 19:21:13.692897
628,591,2021-03-11 04:43:14.108273
629,151,2021-03-30 14:53:48.315284
630,1519,2021-03-20 11:02:58.943823
631,2630,2021-04-17 09:24:54.205718
632,1996,2021-02-03 09:23:36.019233
633,924,2021-04-12 00:01:19.174662
634,433,2021-03-20 21:48:47.560814
635,1087,2021-01-05 02:34:21.331997
636,2609,2021-05-01 23:47:43.970458
637,684,2021-01-26 10:23:08.599630
638,65,2021-04-11 02:01:43.287588
639,2424,2021-02-10 10:05:50.775141
640,1894,2021-05-21 11:16:16.794706
641,579,2021-01-17 06:13:44.127549
642,2366,2021-04-19 13:34:20.797326
643,1795,2021-01-08 19:41:09.067689
644,1646,2021-02-01 10:35:58.251601
645,537,2021-05-03 15:27:49.475456
646,67,2021-05-18 08:17:50.349644
647,1770,2021-03-03 13:45:37.869009
648,1764,2021-05-20 21:06:31.934001
649,1783,2021-03-22 19:16:20.427357
650,151,2021-03-10 01:24:25.872227
651,133,2021-01-11 19:05:26.542994
652,700,2021-05-18 20:09:21.310208
653,896,2021-01-26 00:03:11.801143
654,2108,2021-06-15 15:00:03.206820
655,2716,2021-06-26 11:08:18.779747
656,2611,2021-02-22 17:24:38.195104
657,1000,2021-05-18 15:01:18.661583
658,373,2021-05-24 19:23:16.372454
659,1518,2021-06-15 16:25:42.948778
660,148,2021-03-23 13:43:33.031370
661,2217,2021-06-10 08:37:31.914585
662,1543,2021-03-28 04:20:32.845539
663,1455,2021-05-24 17:21:07.594535
664,1917,2021-04-21 03:07:40.223410
665,894,2021-01-02 17:44:51.130267
666,984,2021-02-11 01:53:40.071791
667,1378,2021-02-11 07:25:49.304435
668,901,2021-04-19 16:00:15.676539
669,1365,2021-05-08 11:46:28.557127
670,538,2021-05-28 19:56:00.590085
671,1877,2021-04-24 02:50:41.049284
672,2334,2021-06-15 06:35:41.481147
673,2589,2021-06-21 16:31:34.743007
674,140,2021-05-19 03:56:04.595658
675,2046,2021-03-25 01:53:23.443537
676,519,2021-03-15 22:47:09.768818
677,2029,2021-03-15 10:21:47.760233
678,1091,2021-06-20 02:25:06.522397
679,1128,2021-05-12 07:10:59.294523
680,1451,2021-04-02 07:03:56.987946
681,622,2021-01-10 01:53:49.509164
682,2438,2021-06-24 03:03:20.688120
683,77,2021-06-21 15:51:14.400254
684,1328,2021-04-04 05:32:00.532984
685,2524,2021-05-19 11:26:56.025835
686,628,2021-05-23 12:51:08.920017
687,1053,2021-06-17 13:10:21.421651
688,1223,2021-06-09 18:52:22.122264
689,1763,2021-02-03 20:43:36.743832
690,582,2021-06-21 03:13:15.528667
691,24,2021-03-05 15:40:06.912422
692,540,2021-01-15 15:04:40.987352
693,1682,2021-05-21 17:57:50.083681
694,1041,2021-06-18 14:12:19.423250
695,1888,2021-01-31 11:00:51.830228
696,1909,2021-01-29 13:11:57.498871
697,1811,2021-04-27 16:05:27.903484
698,2184,2021-06-04 03:56:01.361932
699,1879,2021-04-04 03:11:31.255049
700,1939,2021-05-01 12:07:39.721940
701,131,2021-03-17 15:50:06.746915
702,507,2021-05-05 21:19:59.654363
703,576,2021-05-11 09:53:42.833029
704,742,2021-04-20 00:20:22.200922
705,2527,2021-03-13 22:34:21.698793
706,1394,2021-04-11 06:31:01.260171
707,2169,2021-05-03 03:02:03.822168
708,2497,2021-06-20 03:19:04.068071
709,1662,2021-06-09 14:39:31.135101
710,483,2021-04-28 14:17:33.147971
711,1278,2021-01-30 03:31:30.357205
712,2625,2021-03-02 15:11:10.426402
713,551,2021-05-05 10:45:08.133369
714,152,2021-03-24 12:06:53.636762
715,1247,2021-03-05 14:40:23.146716
716,164,2021-04-03 12:31:55.532011
717,2469,2021-03-26 15:28:04.493511
718,285,2021-04-24 12:15:05.867305
719,652,2021-04-27 02:17:44.274724
720,2497,2021-04-13 17:54:22.244181
721,178,2021-06-25 19:46:25.981669
722,655,2021-05-13 06:38:15.354148
723,1251,2021-03-15 01:37:17.325754
724,1651,2021-04-29 01:35:31.307571
725,1395,2021-01-23 18:14:51.142859
726,480,2021-05-31 19:43:44.655059
727,2670,2021-06-19 03:07:23.436358
728,1356,2021-02-01 18:59:38.974195
729,1971,2021-04-03 19:51:59.320292
730,1036,2021-03-07 18:41:55.888056
731,1514,2021-02-12 11:48:42.461988
732,2542,2021-06-13 03:03:41.186774
733,1481,2021-05-23 08:12:47.275922
734,2545,2021-05-15 09:29:20.827487
735,2515,2021-05-13 12:27:37.234153
736,1761,2021-03-10 19:19:50.091930
737,1620,2021-01-02 21:34:42.425128
738,2526,2021-05-28 02:39:03.944890
739,2151,2021-06-13 19:39:34.099217
740,2391,2021-05-02 13:10:56.084452
741,550,2021-01-03 22:31:56.501075
742,2668,2021-04-25 00:03:15.451294
743,1186,2021-04-06 17:23:02.237965
744,1244,2021-02-27 05:02:03.119320
745,821,2021-03-21 15:27:54.918068
746,995,2021-06-01 02:42:18.864488
747,1879,2021-06-06 12:51:48.812023
748,2214,2021-06-28 02:02:24.521835
749,827,2021-01-09 01:29:46.379587
750,2643,2021-06-09 14:39:52.762204
751,1651,2021-06-11 10:51:53.828424
752,2507,2021-06-15 15:29:31.104802
753,1595,2021-01-25 13:13:56.039967
754,676,2021-02-24 10:47:50.909011
755,1453,2021-03-29 11:34:13.237622
756,2535,2021-02-18 10:52:12.176231
757,702,2021-06-13 21:39:07.207967
758,454,2021-05-13 00:51:48.674597
759,479,2021-01-14 01:22:53.808844
760,1883,2021-01-17 18:28:32.764953
761,2589,2021-02-12 16:17:26.137529
762,2216,2021-02-02 08:22:26.146138
763,1610,2021-05-07 05:30:25.148879
764,794,2021-03-01 01:28:31.356954
765,630,2021-01-01 05:06:27.284966
766,925,2021-05-13 14:56:05.207291
767,2726,2021-02-07 02:57:37.205757
768,1991,2021-04-14 03:08:00.119004
769,85,2021-06-26 07:39:12.010351
770,2589,2021-02-04 15:59:34.477259
771,139,2021-01-07 07:29:20.466485
772,2243,2021-05-13 04:37:55.646176
773,326,2021-01-28 12:06:50.925977
774,1449,2021-06-28 13:41:50.510471
775,1310,2021-01-05 11:05:19.977583
776,1385,2021-05-13 05:13:39.106489
777,390,2021-05-17 18:16:12.531166
778,2270,2021-02-14 21:40:40.425209
779,344,2021-04-02 22:57:16.237348
780,1032,2021-02-03 14:04:20.142833
781,2059,2021-01-16 00:41:48.271817
782,1045,2021-06-11 00:59:49.903852
783,340,2021-03-05 20:03:56.265100
784,1330,2021-05-11 01:28:09.066912
785,1969,2021-03-02 11:33:31.671942
786,51,2021-01-29 03:57:31.735187
787,2232,2021-04-23 10:55:09.784785
788,1553,2021-04-16 04:33:17.052824
789,2547,2021-01-21 06:27:05.675311
790,1028,2021-06-25 08:24:54.332897
791,35,2021-01-04 06:17:13.296329
792,2556,2021-01-03 19:30:20.023152
793,513,2021-06-02 03:14:02.701769
794,2414,2021-03-08 14:04:47.563551
795,1050,2021-06-27 11:27:29.748413
796,302,2021-02-13 19:18:36.475662
797,1086,2021-01-26 20:59:00.664018
798,2733,2021-01-15 22:19:30.711689
799,70,2021-04-26 22:42:32.879726
800,1092,2021-02-24 15:12:42.300989
801,820,2021-02-12 01:19:54.513349
802,773,2021-01-22 03:29:59.178200
803,809,2021-06-04 08:44:13.496673
804,2360,2021-05-03 07:29:54.845259
805,2250,2021-05-29 00:18:25.985600
806,2334,2021-05-27 00:37:51.634229
807,1595,2021-01-12 03:39:41.841895
808,2555,2021-03-24 16:34:32.816839
809,2395,2021-03-24 14:52:27.146641
810,1631,2021-01-31 20:29:07.567457
811,1116,2021-03-26 06:14:39.687125
812,2353,2021-02-18 10:48:47.814509
813,1079,2021-03-14 05:16:01.443787
814,2111,2021-04-17 11:19:35.063317
815,273,2021-02-10 07:43:01.158849
816,1955,2021-02-22 21:43:49.548882
817,943,2021-06-07 12:48:59.391414
818,1351,2021-01-21 10:58:06.195040
819,1012,2021-04-01 16:24:06.407224
820,1134,2021-05-09 03:05:21.444862
821,939,2021-03-29 10:49:32.483344
822,2634,2021-06-02 07:59:09.039955
823,1203,2021-01-30 12:36:43.308432
824,374,2021-03-08 20:54:04.917653
825,2003,2021-05-10 09:13:21.521112
826,1372,2021-06-22 20:32:55.584431
827,1329,2021-05-05 02:12:29.953596
828,2592,2021-01-09 00:00:55.635592
829,2605,2021-02-10 08:19:00.278661
830,1213,2021-04-26 00:57:13.571736
831,961,2021-04-19 11:32:13.038955
832,1942,2021-01-31 09:10:03.274736
833,1809,2021-06-22 15:29:24.087102
834,339,2021-03-15 11:49:36.576399
835,8,2021-05-15 01:38:29.744936
836,1317,2021-04-14 09:52:37.975502
837,1075,2021-02-25 15:06:51.089862
838,1335,2021-05-30 10:19:07.466520
839,329,2021-02-23 05:41:58.254016
840,1771,2021-01-08 22:44:49.116986
841,1246,2021-03-17 13:08:06.260102
842,853,2021-01-16 16:57:19.464300
843,910,2021-05-22 14:38:05.424914
844,2318,2021-03-31 05:46:40.777817
845,1537,2021-02-16 04:30:43.036491
846,1319,2021-06-15 14:57:03.233603
847,936,2021-02-19 10:44:14.696667
848,2291,2021-01-04 10:02:35.690472
849,1332,2021-03-28 22:55:53.181344
850,1791,2021-06-28 16:05:59.297903
851,317,2021-06-08 01:19:36.437862
852,1842,2021-06-11 19:48:55.547051
853,212,2021-03-16 13:16:15.436715
854,172,2021-06-12 00:55:37.900101
855,1882,2021-03-09 18:36:15.322230
856,2493,2021-01-28 15:27:04.666853
857,2379,2021-01-15 07:52:28.957207
858,2470,2021-05-27 23:33:00.448078
859,1114,2021-05-14 04:57:39.065099
860,799,2021-03-30 00:55:10.281516
861,1118,2021-06-07 11:20:21.851958
862,1144,2021-06-09 07:07:41.583567
863,2113,2021-05-11 00:31:45.828608
864,733,2021-01-29 19:10:13.564554
865,1983,2021-03-14 19:20:05.456059
866,364,2021-02-04 01:28:54.177622
867,1927,2021-01-17 06:09:36.121998
868,1480,2021-05-29 09:21:36.752282
869,462,2021-05-01 02:15:31.921921
870,2426,2021-03-15 09:50:42.738855
871,675,2021-04-12 03:47:04.093989
872,1481,2021-05-01 08:04:14.071771
873,1442,2021-03-05 07:40:11.571891
874,1419,2021-03-15 16:03:43.234948
875,1056,2021-02-05 04:49:54.367484
876,687,2021-04-15 05:09:22.822973
877,695,2021-04-05 09:40:01.356727
878,25,2021-03-28 13:06:15.581211
879,1757,2021-04-23 13:18:18.170795
880,2140,2021-05-03 11:11:44.386787
881,1059,2021-06-28 15:40:03.651668
882,1003,2021-06-07 15:31:42.344156
883,1532,2021-01-27 07:31:13.881140
884,733,2021-04-29 22:21:35.267848
885,1819,2021-01-23 06:02:16.660678
886,644,2021-05-14 18:45:16.058545
887,2349,2021-02-27 22:10:39.497454
888,2553,2021-04-20 16:47:56.559247
889,586,2021-03-09 00:49:26.836373
890,1095,2021-04-19 16:54:55.418863
891,784,2021-03-08 14:11:44.579251
892,0,2021-04-27 07:59:21.753316
893,1965,2021-02-22 15:17:08.431217
894,2468,2021-06-14 14:45:31.127135
895,1585,2021-06-26 15:00:55.862215
896,2305,2021-01-06 23:47:33.787903
897,613,2021-02-20 14:20:56.935286
898,754,2021-04-06 18:05:48.091852
899,981,2021-06-24 10:55:22.836221
900,89,2021-01-03 06:13:01.785301
901,1517,2021-06-04 23:53:28.403609
902,2467,2021-06-23 06:46:23.921194
903,2543,2021-01-08 00:58:52.730507
904,2732,2021-01-26 02:43:34.987802
905,2261,2021-06-24 19:56:08.081825
906,1132,2021-01-03 13:40:48.454632
907,866,2021-01-31 05:03:25.390534
908,530,2021-06-15 12:24:08.162553
909,2450,2021-06-05 13:46:15.254003
910,1254,2021-01-24 23:38:18.510251
911,1008,2021-05-03 08:31:30.525749
912,1622,2021-03-27 18:15:24.633751
913,1732,2021-03-28 19:48:35.277600
914,50,2021-01-12 23:10:14.317635
915,1520,2021-01-14 19:46:45.019401
916,1349,2021-02-18 08:45:23.717657
917,584,2021-04-20 07:22:48.092853
