id,items_mass,seats_taken,seats_total,capacity,id_driver,date_of_arrival,delay,if_malfunction_happened
0,1600,534,621,1952,86080555779,2021-05-24 14:02:27.792991,67,0
1,902,609,757,1298,10222828272,2021-03-07 10:30:21.441748,154,1
2,1095,420,576,4995,95091288253,2021-02-15 14:28:34.131178,0,0
3,173,423,583,866,52010935762,2021-02-22 21:33:14.836692,95,1
4,1203,498,690,3717,54032530985,2021-06-02 20:54:58.038827,0,1
5,32,660,895,247,84062941895,2021-05-25 18:10:32.022948,147,1
6,3284,609,718,4002,60072017801,2021-03-10 11:22:49.530540,0,1
7,242,328,705,4863,86083115417,2021-04-27 18:11:09.665790,32,0
8,883,202,699,3697,95091288253,2021-02-27 13:17:24.563893,0,1
9,478,134,641,1118,99101639778,2021-01-17 05:21:47.004734,18,1
10,3670,140,505,4367,10323013515,2021-05-23 23:40:32.041686,25,1
11,119,426,681,407,96010698445,2021-06-09 11:39:32.849663,29,1
12,13,592,818,322,95042839729,2021-02-03 13:49:26.170479,0,0
13,1118,1,1000,1153,72110298000,2021-01-15 05:19:32.405648,92,0
14,1063,287,713,1721,05262285985,2021-02-17 07:29:17.064642,0,1
15,90,390,684,377,94121052604,2021-03-26 16:15:25.358348,82,0
16,179,235,885,2287,83092096256,2021-02-25 09:03:09.206972,153,0
17,2157,500,661,2513,99071013839,2021-04-03 17:02:29.945532,48,1
18,928,348,967,4390,80080483296,2021-01-28 23:57:39.664265,0,1
19,3120,166,772,4638,93040180526,2021-03-05 00:24:05.523782,66,0
20,1108,758,935,1887,54101716126,2021-03-16 23:41:36.060582,135,0
21,722,420,992,3413,73050691153,2021-04-06 21:44:00.390479,92,0
22,347,319,604,3390,92031726268,2021-03-19 00:34:12.385803,144,1
23,2353,378,588,2360,76031611461,2021-03-23 13:31:48.860137,20,0
24,463,115,874,2985,01253057748,2021-05-31 15:49:18.800574,117,1
25,1824,714,886,2046,72093056417,2021-04-27 03:52:12.993212,130,0
26,758,498,708,4757,59081839016,2021-04-05 10:33:14.828712,0,1
27,811,283,782,2486,88041944888,2021-06-27 09:03:16.510445,84,1
28,3176,75,667,4739,53060839143,2021-05-12 18:16:20.876894,154,0
29,1108,964,998,2291,56052310912,2021-02-02 09:47:10.740412,8,0
30,2057,217,714,2245,07210752699,2021-06-03 01:48:32.582747,0,1
31,2159,294,884,3198,90091673500,2021-04-10 02:10:07.370949,2,1
32,4345,258,664,4352,83031952210,2021-03-16 07:27:12.847713,77,0
33,1893,336,912,1967,03311674465,2021-01-29 16:31:45.903399,73,1
34,196,296,616,202,84081070770,2021-03-03 15:36:17.440698,170,1
35,719,172,799,797,80032212583,2021-04-27 13:13:23.454025,9,1
36,3329,535,686,4236,67033193147,2021-02-25 13:39:40.280736,0,0
37,193,170,636,3698,01281863847,2021-03-31 03:52:25.701379,0,1
38,74,479,900,607,70100744476,2021-05-30 05:45:24.148778,0,0
39,2119,531,977,3903,64082592361,2021-02-20 19:12:17.017431,169,1
40,1905,452,745,2301,84122163742,2021-02-28 03:57:47.761520,0,0
41,2623,37,817,3291,57091643825,2021-02-23 04:03:52.076461,126,1
42,1012,1,561,1275,74061686602,2021-01-10 08:37:44.636376,99,1
43,1019,414,610,2764,87100541187,2021-05-23 23:37:52.528117,162,1
44,729,151,535,1048,67121881374,2021-06-01 23:38:42.281458,82,0
45,4225,707,764,4538,62102067592,2021-02-19 10:36:31.386763,0,1
46,2651,565,800,4192,53071387455,2021-03-13 09:01:47.966713,0,0
47,384,143,833,1107,81091247987,2021-03-26 17:51:29.624307,124,0
48,3555,303,549,4404,02260283670,2021-02-16 02:17:40.003338,50,0
49,1462,721,756,3310,86052790287,2021-06-11 19:16:19.633819,75,0
50,1252,679,904,2957,55050225895,2021-01-09 19:35:24.459961,160,1
51,719,498,819,3196,58092011033,2021-05-15 15:42:11.024292,102,0
52,3285,820,906,3430,78102711539,2021-01-13 15:43:42.229250,149,1
53,558,73,931,2047,62120710708,2021-01-17 14:52:58.360200,125,1
54,3461,483,591,4260,94032661667,2021-06-20 01:41:54.786901,138,1
55,1242,110,540,3272,95070353361,2021-05-02 08:27:58.573898,151,0
56,1148,540,565,3096,54071279348,2021-05-21 07:45:57.360508,18,0
57,1702,386,730,1885,65070437291,2021-03-20 13:26:47.256269,101,1
58,532,576,723,1255,78060628476,2021-06-22 18:10:51.351228,106,1
59,1766,9,837,2800,86010196241,2021-01-13 03:32:02.695388,18,1
60,1176,384,512,3616,84082955672,2021-01-29 01:09:55.026649,32,1
61,2017,561,659,2721,59021567733,2021-06-12 12:30:00.792431,73,0
62,1534,91,764,2388,73020525736,2021-06-18 21:26:39.209369,0,0
63,145,454,898,4355,50121429590,2021-06-12 22:49:03.705483,136,0
64,548,5,506,1015,07211729078,2021-02-22 19:17:49.790095,0,0
65,383,59,636,1225,60081860593,2021-04-15 06:29:27.212713,17,1
66,675,382,530,2403,77040359537,2021-02-25 21:34:14.752201,74,1
67,777,445,837,1944,68122160794,2021-05-04 03:26:41.385137,141,1
68,2846,235,683,3557,78090180184,2021-03-29 04:33:40.771305,101,0
69,2753,388,578,4135,09232628976,2021-01-13 01:14:17.635052,37,1
70,428,50,883,2920,01322543235,2021-02-18 08:01:14.522285,153,0
71,1459,591,688,1718,54102817048,2021-02-03 22:23:47.047091,96,0
72,383,415,817,1623,53052865893,2021-05-17 19:29:51.635398,176,0
73,280,54,571,3922,78091540707,2021-03-18 07:39:28.874202,7,1
74,104,112,678,1209,88012296905,2021-02-08 01:47:47.593715,80,1
75,3141,527,837,3347,53032885910,2021-06-28 07:27:46.929651,137,1
76,2539,124,701,4440,63103112465,2021-02-21 15:55:40.275835,14,1
77,247,73,593,763,07231057344,2021-04-12 06:15:27.200727,0,1
78,2553,572,632,2834,57041429321,2021-02-22 00:26:03.955972,53,0
79,946,380,530,2439,95031143185,2021-05-24 13:45:55.116996,0,0
80,1347,146,792,3705,64030746804,2021-03-03 22:31:53.708531,93,1
81,1545,507,664,2415,53051957166,2021-06-25 07:07:18.800074,80,1
82,1149,481,674,3056,68091974754,2021-03-13 05:07:21.036189,171,0
83,606,347,764,1347,80110671543,2021-01-02 00:02:12.400062,0,1
84,264,637,838,355,94080687017,2021-04-03 08:44:08.103608,43,0
85,9,223,680,232,67041690838,2021-03-31 08:21:30.298805,102,1
86,999,237,570,1705,74070792662,2021-01-04 05:53:14.396243,115,0
87,586,53,603,888,84123134705,2021-02-20 22:13:23.810057,112,1
88,427,512,688,575,70051071283,2021-02-10 09:10:03.818583,42,1
89,1065,506,977,3580,82062521514,2021-01-31 10:28:35.745300,106,0
90,1766,484,530,2333,53120537644,2021-01-06 13:35:02.257446,74,0
91,1132,571,736,2821,96111864554,2021-01-11 11:39:31.370605,124,1
92,3275,215,662,4302,63082815616,2021-05-04 00:16:11.925918,0,1
93,20,81,845,807,98080675607,2021-06-10 10:48:06.026828,107,0
94,3996,44,930,4672,69120149277,2021-04-17 17:33:04.553334,0,1
95,49,85,978,172,68112218953,2021-06-21 21:29:15.373968,173,1
96,1905,136,737,2581,79021397224,2021-03-17 19:04:52.419272,131,1
97,1743,362,981,4358,02221466508,2021-04-15 01:53:40.658515,122,1
98,3418,451,721,4822,50081453398,2021-05-24 14:09:12.199713,147,0
99,2286,173,579,2580,70021560427,2021-03-22 05:14:38.634364,0,0
100,3664,356,660,4283,54012032089,2021-02-06 19:03:10.881827,0,0
101,3,500,934,1084,02292580921,2021-03-12 14:56:51.981264,0,0
102,522,381,540,649,81030782601,2021-02-16 22:30:09.091268,0,0
103,4840,455,846,4946,07251145270,2021-03-11 18:38:34.650966,97,1
104,3055,653,824,4003,10261037532,2021-04-24 21:34:51.602554,88,1
105,731,691,833,3232,02280722319,2021-04-13 07:11:26.278683,3,0
106,3970,169,949,4896,76092610243,2021-04-25 02:23:27.625566,0,1
107,2036,463,638,2572,88032015687,2021-03-01 20:24:13.219408,62,1
108,1058,782,817,2460,01280643916,2021-05-08 00:16:28.165141,0,1
109,802,211,698,4500,66100657683,2021-06-16 20:40:15.505209,47,0
110,1994,217,593,3279,01212677989,2021-04-27 00:51:29.426641,110,0
111,4650,56,811,4844,07272967619,2021-02-01 03:06:07.624608,101,0
112,2792,731,823,3753,84100528026,2021-02-04 10:11:34.225148,0,0
113,775,263,718,4344,97032676413,2021-06-18 15:04:43.141067,46,1
114,35,149,832,102,57082812001,2021-05-08 11:59:57.720370,112,0
115,360,37,932,1148,86050892554,2021-02-07 23:44:28.580299,141,1
116,1999,389,561,2152,84100966697,2021-04-09 01:57:47.556591,179,0
117,264,9,622,412,08242731645,2021-04-19 05:01:30.213319,54,1
118,748,838,863,1343,81092416737,2021-01-17 16:56:13.239064,150,0
119,2118,398,522,4860,83062270989,2021-01-01 12:18:07.329918,0,1
120,568,287,601,611,56112537352,2021-05-26 23:57:32.977897,177,1
121,493,184,893,1531,83101895553,2021-05-17 18:59:27.166220,63,0
122,13,143,602,898,56041746458,2021-01-23 20:55:15.063296,19,1
123,1266,467,882,3796,00262389400,2021-05-10 13:41:32.840363,0,0
124,2373,247,573,4374,95070353361,2021-03-08 17:39:24.166430,0,0
125,35,45,799,3300,66122369601,2021-06-19 00:43:26.452970,178,1
126,1316,175,885,4850,07281382252,2021-04-09 10:13:35.397657,128,1
127,337,281,821,769,05313098601,2021-04-09 11:03:10.862899,29,1
128,3933,766,824,4207,95070353361,2021-02-11 20:28:26.560499,116,1
129,2472,184,662,4078,02221951024,2021-02-14 13:08:49.424396,170,1
130,3168,97,698,4314,70122912189,2021-01-26 05:23:43.767725,117,0
131,117,76,614,2247,63103112465,2021-06-11 17:44:10.539033,130,0
132,2360,395,906,2848,96072549578,2021-05-26 12:14:35.975841,174,0
133,3771,82,856,4120,54102817048,2021-02-14 18:38:37.755491,168,0
134,2304,9,701,2709,52061391577,2021-01-12 06:00:26.735330,0,1
135,2597,284,647,4676,04262261667,2021-06-03 23:14:44.309913,0,0
136,1106,728,907,3270,08281651601,2021-06-10 21:36:46.610592,178,0
137,332,354,876,622,68090796391,2021-01-06 20:51:56.942226,14,1
138,2016,546,575,4477,08323079073,2021-01-31 20:10:34.808296,0,0
139,255,262,659,3764,52111022758,2021-04-22 01:08:06.158701,121,0
140,50,120,599,120,88111546073,2021-02-15 20:29:51.870200,72,1
141,661,581,668,1449,85103184644,2021-03-02 15:24:58.182157,74,0
142,1704,114,705,2075,72040599583,2021-06-08 11:14:51.400900,70,0
143,4481,603,760,4873,67052447300,2021-03-02 09:02:58.218652,159,1
144,49,846,930,1124,76042365889,2021-03-04 06:07:16.385144,96,1
145,2696,235,632,4448,51030981171,2021-05-25 10:14:58.716477,27,1
146,1739,625,943,2231,53090543609,2021-03-02 17:56:02.025358,49,0
147,601,121,639,1461,67070125411,2021-03-19 21:41:17.697803,0,0
148,722,522,772,3198,69101092060,2021-04-17 06:41:44.133546,70,1
149,1023,424,744,2398,05290114875,2021-04-26 00:25:15.357475,173,1
150,592,579,663,738,67070125411,2021-02-05 21:24:19.261849,0,0
151,3386,166,646,4864,66100145652,2021-06-04 12:18:55.661981,0,0
152,605,907,925,2595,72090191681,2021-04-02 02:01:45.284627,142,1
153,41,294,814,834,64020729107,2021-06-02 14:50:11.379789,0,1
154,2369,656,778,4136,74101564673,2021-04-23 20:15:26.990876,21,0
155,3449,390,1000,4027,99050253551,2021-05-27 11:09:18.584241,68,0
156,2174,228,529,4087,97060175733,2021-03-02 18:44:53.019697,0,0
157,2857,188,815,4063,53102943791,2021-01-30 12:02:53.246837,115,1
158,327,219,605,1314,52082055050,2021-05-05 18:31:06.783369,141,0
159,1495,230,686,3459,77110423324,2021-06-02 07:56:05.167336,11,1
160,2548,613,907,4276,52050371427,2021-05-12 03:59:15.536774,0,0
161,477,64,637,821,72071779484,2021-02-17 18:16:46.725079,140,0
162,1749,2,943,3515,54090949723,2021-04-20 15:51:24.392840,102,1
163,57,31,602,2576,86032517253,2021-04-13 10:59:18.089823,20,0
164,219,164,733,457,82032660076,2021-05-17 17:15:56.271938,0,0
165,3345,69,801,3543,76011898044,2021-06-04 08:32:47.903516,4,1
166,1395,417,767,1473,65100542643,2021-06-18 00:35:57.456491,136,1
167,2221,41,637,3869,82100578362,2021-06-19 13:22:01.860849,125,1
168,1007,750,955,3235,75022233073,2021-06-16 15:21:07.411873,141,0
169,109,466,729,3261,98041564281,2021-05-13 21:26:24.894436,65,0
170,2521,597,910,3073,96042210521,2021-04-26 07:40:05.555790,20,0
171,419,194,739,1567,56110310029,2021-03-20 12:41:56.222159,0,0
172,1922,668,843,3442,51060542090,2021-01-06 17:51:45.995859,9,1
173,392,345,912,452,99041628294,2021-03-03 23:33:42.571418,19,1
174,39,571,849,138,78112864986,2021-06-09 09:17:27.645599,140,0
175,657,123,834,1275,51110537007,2021-05-03 02:43:16.986003,90,0
176,54,308,569,738,96103156063,2021-04-16 18:17:08.180279,15,1
177,1981,504,605,3862,85013113275,2021-03-09 23:07:03.395657,46,0
178,20,606,683,119,94030452779,2021-01-15 10:50:29.583726,174,1
179,1336,562,841,2453,74110145559,2021-05-16 09:09:42.375119,0,1
180,680,352,740,1308,50070599379,2021-05-02 09:49:18.969125,10,1
181,687,182,808,839,63050435705,2021-05-28 03:35:38.630466,0,1
182,520,672,840,859,88070342451,2021-01-24 06:21:11.668685,0,1
183,974,71,596,4111,01312920578,2021-05-17 22:48:33.207977,102,1
184,1204,319,887,1819,95101546452,2021-05-06 15:10:47.967966,151,1
185,2391,300,511,4082,94012918644,2021-06-13 11:02:04.617097,67,0
186,2311,247,623,4761,87042618495,2021-02-04 06:53:46.989731,51,1
187,197,52,621,208,79050889949,2021-06-11 20:37:37.374245,134,0
188,3352,357,732,4124,83071070703,2021-05-25 20:05:22.995878,94,0
189,1321,434,590,4850,84083094419,2021-04-07 22:49:19.115511,33,1
190,198,330,568,1278,53062172253,2021-01-14 10:48:15.399525,44,1
191,242,266,648,4361,07272967619,2021-05-26 21:08:33.157851,116,1
192,394,135,521,517,85091781528,2021-05-26 17:08:28.843248,19,0
193,1163,1,729,1347,09321888964,2021-05-22 01:23:31.044849,52,1
194,1175,504,836,4848,06212759734,2021-01-21 05:48:51.942960,43,0
195,1977,227,655,3828,03232676670,2021-03-10 19:12:40.201538,46,1
196,915,670,826,1595,09240623035,2021-02-20 06:05:02.709260,3,1
197,559,339,582,2588,91110825191,2021-02-14 14:20:34.724029,0,1
198,1916,268,630,2340,10221552152,2021-02-25 19:30:50.959730,131,0
199,676,84,578,2013,63091090864,2021-03-13 03:43:53.989096,146,1
200,569,670,689,891,95013157560,2021-03-07 13:08:20.354546,152,0
201,44,557,719,179,58080965463,2021-01-04 06:28:53.740240,86,0
202,4732,174,565,4828,08310382515,2021-01-29 05:09:50.833886,0,1
203,1013,122,524,3016,88110495699,2021-06-07 05:25:07.369590,43,1
204,363,781,966,912,90102678355,2021-04-05 08:39:09.357273,135,1
205,2527,234,867,2688,06290333406,2021-01-19 13:14:26.029175,176,0
206,7,111,635,1031,52082055050,2021-02-04 07:51:21.550748,147,1
207,295,335,839,3730,89030369402,2021-01-19 13:43:22.474692,16,0
208,315,14,714,1887,95012776056,2021-06-21 10:36:48.068361,176,1
209,125,287,629,149,00222693046,2021-02-17 09:12:38.720615,97,0
210,1645,712,749,1841,79032655894,2021-05-15 06:06:30.593250,0,1
211,1118,217,614,1153,89090357168,2021-01-31 19:18:36.316495,69,1
212,1646,594,779,2203,51011073006,2021-05-01 10:00:12.552158,21,0
213,655,126,993,679,51041499689,2021-02-12 09:17:01.643870,138,1
214,2682,550,810,3471,99082241151,2021-02-07 23:23:26.251084,110,0
215,751,604,783,2260,55052053865,2021-02-01 17:25:38.401536,0,0
216,3942,756,993,4715,67112121702,2021-05-06 07:07:12.413800,0,1
217,108,114,797,350,63070793551,2021-06-18 11:44:58.116912,28,0
218,3324,541,599,4572,64021192788,2021-03-16 00:04:12.870306,136,0
219,1526,677,866,4026,60080736143,2021-04-15 04:29:33.342229,86,1
220,336,322,527,984,74042559095,2021-06-12 10:53:52.780949,86,1
221,2016,542,858,3096,50060541047,2021-04-16 11:19:44.716075,134,0
222,1958,858,896,2209,52042348217,2021-01-14 04:42:56.024092,110,0
223,190,291,534,2038,70080985690,2021-04-09 06:41:15.837575,124,0
224,1151,428,755,4926,67041940360,2021-03-03 23:11:30.807890,133,1
225,2071,583,646,3127,60090240870,2021-04-24 05:28:19.373953,108,0
226,601,156,915,1214,02320838312,2021-02-23 16:34:16.022689,23,0
227,1150,346,940,3389,10222828272,2021-03-11 17:22:47.626964,25,0
228,2243,628,738,3304,74090114202,2021-05-02 00:38:16.323429,166,1
229,1544,294,919,4707,98042265839,2021-03-23 20:11:10.940975,12,0
230,1940,793,896,4159,63100299107,2021-03-31 09:34:40.182827,152,1
231,3307,715,860,4439,10232414506,2021-04-26 04:34:22.108911,72,0
232,677,56,698,1659,74070792662,2021-04-08 10:31:22.631202,0,0
233,3001,20,775,3152,55041210673,2021-05-21 18:33:17.979289,144,1
234,1058,383,888,3506,50042097247,2021-05-15 02:01:34.174998,87,0
235,141,53,878,283,93091810788,2021-02-05 17:20:15.059220,0,0
236,111,217,670,740,83090416115,2021-03-15 17:30:12.698208,100,1
237,132,513,635,303,99042396062,2021-04-28 14:19:19.615555,53,1
238,2290,455,506,2773,10311814322,2021-06-28 00:38:40.364639,82,1
239,178,190,849,904,97093073888,2021-06-23 18:48:44.995886,0,0
240,2570,294,515,2867,75082686464,2021-02-06 06:13:06.366780,0,0
241,2947,71,846,3416,76022222205,2021-05-30 00:20:11.417580,54,0
242,507,235,625,1654,00262991988,2021-05-23 17:18:36.345279,91,0
243,4624,341,677,4693,62021963195,2021-01-20 12:00:05.289271,6,0
244,2543,93,986,2626,01300918086,2021-05-29 15:43:15.859706,161,1
245,65,789,934,193,72093056417,2021-03-21 13:07:05.447714,0,1
246,193,0,723,579,69020896268,2021-03-09 22:13:01.546667,19,0
247,969,204,913,1335,94032661667,2021-05-03 14:24:01.183134,0,0
248,2617,455,521,3246,64122258989,2021-02-18 10:21:17.476862,0,1
249,3340,298,975,4556,57031723011,2021-05-17 02:36:35.595538,0,0
250,2528,73,769,2660,52052852609,2021-04-22 13:20:37.282109,94,0
251,556,953,956,594,99052329928,2021-05-31 01:42:36.105243,83,1
252,762,427,856,958,90111998873,2021-02-08 01:40:25.453048,18,1
253,194,361,829,503,90121880319,2021-06-16 03:03:38.200438,148,1
254,1542,167,626,4649,79022057008,2021-01-06 13:58:20.318403,41,1
255,3508,441,746,4171,82071852074,2021-03-22 21:11:11.096915,56,1
256,3206,39,682,3481,90022271991,2021-04-03 20:39:30.749057,0,1
257,2359,627,676,4213,02320737161,2021-03-15 08:43:07.821406,0,1
258,700,227,694,2828,76070223487,2021-02-10 00:53:06.556667,164,1
259,99,375,789,154,80052713796,2021-01-25 07:34:26.318972,38,1
260,960,172,810,3193,92091089372,2021-04-26 23:36:08.085546,0,1
261,2225,611,707,4779,95120635113,2021-06-25 03:21:05.119118,98,1
262,1306,468,717,1733,60062673899,2021-02-02 01:37:56.272665,0,1
263,125,879,968,1154,05272737773,2021-03-25 06:30:25.028256,67,1
264,801,195,949,1670,73071066370,2021-02-18 05:31:52.837178,11,1
265,438,341,506,1490,96092111704,2021-03-22 19:59:01.670762,111,0
266,1234,471,782,3426,05322347684,2021-06-22 18:21:14.884099,0,0
267,1994,498,611,4396,88032763771,2021-05-07 03:36:40.379155,159,1
268,2254,884,901,4550,90011525137,2021-01-11 15:27:42.136718,69,0
269,4105,54,685,4185,97032676413,2021-05-01 07:23:48.090895,0,1
270,1863,63,836,4008,67042345461,2021-04-13 12:24:34.055564,81,0
271,309,8,541,459,02300193758,2021-04-01 03:57:54.497658,89,1
272,29,309,990,355,60090240870,2021-02-23 21:02:14.613782,162,1
273,1245,632,682,1876,92090998705,2021-04-13 14:22:48.252305,0,0
274,1105,113,575,1981,59061014581,2021-02-20 14:17:01.142645,175,1
275,662,821,932,985,08221420977,2021-04-14 18:26:45.367940,0,0
276,123,360,554,350,04232961724,2021-05-02 02:34:35.661666,146,1
277,20,76,529,563,63101084418,2021-03-18 02:26:15.890843,114,0
278,921,32,752,1400,71100322590,2021-04-22 21:18:28.223386,59,0
279,1618,85,966,1926,68070631375,2021-06-21 04:59:34.374754,107,1
280,1202,24,586,1383,74071737590,2021-03-20 21:07:48.797433,110,0
281,3596,340,640,4257,90081356611,2021-03-17 15:04:49.827705,13,1
282,3231,323,927,3655,09220436370,2021-05-22 23:58:21.163856,131,0
283,3914,240,748,4126,95021697980,2021-05-28 09:10:41.058084,92,1
284,432,672,905,558,91052164635,2021-02-12 11:55:09.967032,37,1
285,1023,676,989,1315,00211470623,2021-03-19 01:12:57.660468,51,0
286,929,23,942,2404,63102169901,2021-01-18 01:59:34.972219,21,1
287,2122,858,933,2812,00211470623,2021-01-18 14:51:45.936093,169,0
288,2527,828,932,3406,72122891806,2021-02-11 16:30:18.910273,145,1
289,1105,174,820,1270,04261010699,2021-06-10 19:54:31.694590,0,0
290,475,235,527,4586,89080273278,2021-01-05 18:47:25.873726,113,0
291,3865,37,643,3979,08262298111,2021-03-02 15:46:51.627601,56,1
292,2103,782,903,2688,64101176206,2021-04-30 08:06:08.176334,40,0
293,3327,690,973,4776,79100849235,2021-04-20 11:50:43.118208,83,0
294,545,345,582,2336,06262661348,2021-02-11 05:55:11.152466,46,0
295,2685,185,724,4388,95090749531,2021-03-06 18:20:56.410962,112,0
296,6,118,575,250,56111340584,2021-03-09 09:57:14.818301,0,0
297,2750,96,602,2896,86022777315,2021-04-03 02:50:27.405573,32,0
298,1530,275,793,4841,72041641586,2021-01-23 12:23:31.594560,173,1
299,129,551,862,3389,74072278795,2021-03-26 20:24:10.372199,0,1
300,3408,743,857,4915,52032594006,2021-01-04 21:52:30.994161,150,1
301,1529,421,817,3684,78070428725,2021-02-27 00:57:31.384202,0,1
302,365,437,759,851,09320885146,2021-03-28 09:28:11.424481,117,0
303,834,350,619,3186,99071239361,2021-02-28 01:09:19.602489,143,1
304,721,545,679,4386,08210975712,2021-02-16 17:24:24.030341,61,0
305,1523,278,620,3007,51060919454,2021-03-05 11:51:25.893380,57,1
306,2981,225,531,3081,60100473252,2021-03-08 17:22:19.628347,25,0
307,1274,357,870,1322,77011547846,2021-06-18 01:52:49.673249,0,1
308,589,108,565,4247,76122421041,2021-03-17 19:52:35.884790,7,0
309,3922,13,675,4240,58060911103,2021-04-03 09:14:43.640144,126,1
310,439,536,964,2555,84081070770,2021-03-02 08:22:18.012404,174,1
311,1326,210,537,2302,05323121366,2021-06-27 08:22:58.319822,46,0
312,243,111,955,2010,05312941825,2021-03-02 06:27:38.057307,165,0
313,2397,60,731,2455,10232776705,2021-03-17 08:32:10.973907,0,0
314,3492,360,961,3982,70100846581,2021-06-11 00:47:58.021528,90,1
315,3025,502,868,4079,69032626323,2021-04-04 11:10:44.795599,0,1
316,2354,184,712,4493,70012949341,2021-02-27 08:42:11.641995,43,1
317,289,249,565,2595,05301315934,2021-04-15 00:54:46.812829,166,1
318,2088,241,864,2830,57110864969,2021-04-13 17:58:19.181068,0,0
319,921,75,770,1615,79041496314,2021-04-15 04:47:04.634903,17,1
320,1028,764,768,1048,78102939285,2021-04-01 08:10:18.820587,156,1
321,1524,9,926,1814,72101225714,2021-03-08 16:47:29.676030,0,1
322,33,426,612,4381,63051430297,2021-03-17 19:15:07.220233,118,1
323,3098,670,800,4888,61091096699,2021-04-06 15:17:00.292980,70,1
324,37,221,528,1418,78080289271,2021-06-09 14:58:53.386493,23,0
325,193,809,916,678,03290717937,2021-03-21 17:04:57.706735,92,1
326,3937,192,650,4407,62010358751,2021-06-06 05:13:02.269163,139,0
327,27,468,592,115,59031295235,2021-04-16 01:40:06.895922,0,1
328,2199,658,706,4947,84013187990,2021-06-19 14:07:24.321195,132,0
329,832,216,726,1256,58021499969,2021-02-24 02:18:27.452875,170,0
330,1785,60,872,2849,50011184437,2021-05-20 06:27:44.180905,12,0
331,786,657,735,3159,95122764703,2021-06-10 02:39:23.587560,78,1
332,1265,208,550,4248,98093095326,2021-06-03 04:10:12.031717,0,1
333,241,462,704,1234,90020896248,2021-04-18 14:51:33.133900,69,1
334,2453,165,719,2540,00311995875,2021-06-19 19:13:27.798680,0,0
335,160,254,539,332,62111226076,2021-01-19 15:35:01.526369,0,0
336,3625,424,759,4427,98042265839,2021-06-13 08:43:02.711204,8,1
337,199,112,960,1036,65100443791,2021-02-03 13:31:53.565106,62,0
338,873,445,565,958,99121014654,2021-06-20 01:36:09.425599,159,0
339,1185,252,770,4218,60062416814,2021-04-06 10:52:56.206447,164,1
340,334,483,737,4921,90070382227,2021-03-23 00:02:04.507089,152,0
341,1800,71,988,3879,08291769242,2021-05-10 07:00:43.201992,65,1
342,699,708,984,3596,86102433760,2021-06-16 10:22:28.774429,30,1
343,623,208,678,1563,58013088988,2021-01-19 08:02:39.228435,57,1
344,1066,559,657,3817,82071852074,2021-02-18 15:00:16.256027,145,0
345,998,455,782,3581,51020279442,2021-04-17 17:25:05.440441,40,1
346,666,167,552,2541,97071283922,2021-05-20 22:47:09.313157,100,1
347,1599,444,693,4056,89111850047,2021-05-02 15:07:58.331365,35,0
348,3125,412,684,4573,58050554406,2021-02-01 12:59:41.662715,19,1
349,486,239,900,3005,03242710094,2021-04-06 12:37:38.645470,68,0
350,284,526,612,1937,68070631375,2021-04-25 11:52:57.259118,152,1
351,2209,159,935,4012,64101176206,2021-06-02 06:11:32.594031,44,0
352,1195,606,674,2880,09232555241,2021-02-14 04:49:23.358366,170,0
353,1850,295,654,2379,99101639778,2021-02-04 05:19:05.299559,113,0
354,314,203,952,991,77110579278,2021-03-06 13:43:33.757336,172,1
355,1869,326,511,3383,63072361338,2021-01-31 21:12:27.063508,171,0
356,254,152,614,863,62081295544,2021-04-08 01:44:12.777601,169,1
357,1561,687,895,1730,56050587800,2021-03-15 02:54:16.516675,29,1
358,103,278,564,474,69021121446,2021-06-29 19:23:05.208179,85,0
359,87,579,665,1213,97051273613,2021-04-13 11:22:32.970814,55,1
360,3055,337,696,3883,76022366499,2021-05-03 20:10:43.199285,121,1
361,338,142,785,1757,95082036038,2021-06-28 14:11:07.260163,53,0
362,504,518,557,911,78062817818,2021-03-20 18:55:07.396248,173,0
363,414,95,611,1219,05312270152,2021-02-04 11:47:25.357493,0,0
364,1343,298,779,3585,97032946231,2021-06-29 19:00:18.026983,88,1
365,1568,253,561,2302,61060765924,2021-05-06 15:49:02.342875,38,0
366,331,857,955,798,06221095063,2021-05-10 19:24:36.020817,43,0
367,3047,463,564,4310,97110177535,2021-06-19 08:53:01.286135,68,1
368,577,675,729,2940,95011157678,2021-03-28 00:44:25.881846,0,1
369,319,33,638,877,79031037813,2021-03-24 04:20:32.104586,39,1
370,208,702,781,676,51021718409,2021-02-15 02:26:34.350550,14,0
371,262,295,658,548,53062172253,2021-03-27 07:42:45.678824,14,1
372,1335,411,714,2002,04240598558,2021-01-08 23:27:51.793459,129,1
373,224,774,916,225,97082926759,2021-01-16 17:35:57.708799,61,0
374,4354,523,578,4618,01322276861,2021-03-15 22:07:15.828909,112,0
375,2958,61,793,2995,84020312329,2021-06-17 02:04:39.327739,62,0
376,2487,313,578,4712,75032519730,2021-03-07 08:08:31.944979,0,0
377,373,529,804,454,56052221261,2021-03-13 09:31:00.398021,25,0
378,1457,629,705,3027,58020570511,2021-01-01 14:46:07.471760,121,0
379,2447,269,563,3830,97022263821,2021-01-18 10:57:50.808653,45,0
380,553,137,580,590,05231492826,2021-06-05 17:36:23.678177,7,1
381,1600,120,540,4198,93042568678,2021-05-04 07:49:03.959485,173,1
382,2551,712,759,3706,74061836977,2021-01-28 03:30:48.251680,0,1
383,357,791,891,1493,84122163742,2021-01-21 23:50:37.962870,163,1
384,2684,712,990,3271,87101875357,2021-01-02 09:30:07.198340,48,0
385,3564,232,801,4981,09311864635,2021-01-18 02:57:00.525088,145,0
386,820,368,538,1822,63101084418,2021-06-01 22:30:26.701754,118,0
387,2841,21,771,3931,56031182910,2021-01-15 21:17:30.731663,72,1
388,359,274,782,969,83092096256,2021-06-07 07:52:50.573968,0,0
389,342,299,827,446,91101717481,2021-03-25 00:26:15.718992,9,1
390,217,497,917,2139,09210849823,2021-01-22 12:28:14.977925,0,1
391,349,261,672,2461,68040744214,2021-02-04 05:50:01.652330,37,0
392,2769,287,877,4161,96092111643,2021-06-14 21:55:04.297147,40,0
393,2044,72,986,3062,52111022758,2021-04-15 09:20:17.831849,0,1
394,3473,117,856,4363,75070881525,2021-04-29 07:19:53.204841,0,1
395,2216,470,731,3039,51020796501,2021-05-12 10:00:23.125747,93,0
396,1157,62,516,1198,95071024460,2021-02-05 22:56:05.638066,50,1
397,1670,164,857,2394,70100744476,2021-01-06 01:06:13.434667,59,1
398,1494,578,857,3076,83083024664,2021-01-28 04:54:38.319335,108,1
399,954,71,515,4277,04271273312,2021-05-11 10:03:55.533632,94,1
400,1121,687,869,1158,89111686017,2021-03-01 21:49:53.090509,96,1
401,1451,446,701,3848,63042998081,2021-02-13 01:57:41.160613,0,0
402,1213,95,996,1332,01312920578,2021-05-23 09:50:33.343009,158,1
403,178,642,979,365,98072665717,2021-06-07 09:09:09.618241,0,0
404,1046,663,809,1784,57032082971,2021-04-09 03:41:07.906405,0,1
405,330,713,814,2848,52110371341,2021-05-23 16:38:46.500449,3,1
406,1107,61,954,4415,52042348217,2021-01-05 09:52:01.159079,160,1
407,3273,209,611,3642,73050691153,2021-03-26 11:38:39.836638,44,1
408,517,418,631,781,78020328167,2021-01-27 11:32:54.804800,86,1
409,3666,26,932,3985,83101895553,2021-05-25 09:05:13.319066,0,0
410,2627,542,802,4561,96120584261,2021-05-05 13:16:03.484592,51,1
411,3562,310,514,3807,91031551537,2021-05-04 22:46:03.895712,136,0
412,428,521,786,828,87081840075,2021-02-22 19:29:22.904239,109,0
413,2096,155,731,4831,70050227920,2021-03-02 23:12:14.810043,142,1
414,389,764,794,4140,73101392648,2021-02-11 20:07:52.863767,28,0
415,306,197,548,1095,84062941895,2021-01-19 00:55:45.600734,113,1
416,2532,797,835,2556,08311039645,2021-02-19 15:00:01.771132,0,1
417,101,67,823,234,61102640167,2021-06-19 06:29:03.581004,117,0
418,2486,200,892,3393,57032385708,2021-04-11 04:29:49.228613,141,1
419,2379,420,533,3455,69052240716,2021-05-23 02:06:02.723185,172,1
420,870,219,856,1992,04273060204,2021-06-06 20:05:53.869174,77,1
421,973,277,560,2224,58080965463,2021-01-20 09:59:41.769727,125,1
422,1624,497,742,4958,56080880555,2021-01-16 01:55:16.515754,164,0
423,1742,141,964,3771,72101754793,2021-04-26 00:27:48.269632,0,1
424,531,21,519,1373,86082384535,2021-05-25 07:09:35.866797,116,1
425,1750,685,810,3101,03222053432,2021-01-09 11:41:54.013489,147,1
426,802,496,533,2746,06262768625,2021-01-06 03:04:50.936777,36,0
427,356,73,661,935,64020729107,2021-05-24 12:20:29.634556,48,0
428,1081,632,700,1575,62031965921,2021-05-23 03:30:40.027382,105,1
429,638,693,911,883,90030866646,2021-03-10 15:18:52.459559,0,1
430,2438,323,813,3753,08221080250,2021-03-30 15:17:53.375917,89,1
431,107,380,527,157,95040213741,2021-04-26 04:44:09.437898,156,1
432,4714,760,895,4718,68112759494,2021-05-23 00:21:14.883668,48,0
433,2271,137,755,4110,97071879958,2021-05-23 03:13:14.655539,79,0
434,1061,240,593,1202,85012133852,2021-06-06 03:25:34.560621,73,1
435,562,524,675,1065,85110184358,2021-04-12 12:52:03.999800,83,1
436,2313,91,512,3059,68030351376,2021-03-12 00:43:58.541880,105,1
437,3327,408,880,3522,73100826906,2021-01-31 04:01:43.042745,138,0
438,1238,584,602,1992,75080915274,2021-02-20 14:41:19.419182,43,1
439,3376,478,842,3685,52022759361,2021-02-28 15:08:31.730473,67,0
440,1557,243,891,2152,60012712649,2021-06-19 13:43:32.166668,87,1
441,609,703,940,1441,94120335504,2021-03-06 01:20:27.857138,87,0
442,261,646,647,2774,51111081215,2021-03-01 09:50:56.787085,133,1
443,3731,165,856,4296,85121069695,2021-02-08 15:22:44.162941,177,0
444,139,787,988,2815,62010995066,2021-05-25 03:33:01.650828,0,0
445,985,114,508,2217,91051725385,2021-05-10 13:00:26.510546,59,0
446,45,27,512,269,93052551495,2021-01-06 21:04:03.751472,86,1
447,1722,585,687,2316,08271491370,2021-03-05 04:36:35.643213,157,1
448,811,519,921,2858,10311814322,2021-01-19 22:49:51.983026,59,1
449,2881,290,618,3212,98012177605,2021-04-08 23:43:15.009423,47,1
450,131,202,705,1552,95011157678,2021-06-12 10:23:14.789509,100,1
451,1122,261,638,3046,98042942372,2021-05-19 07:32:18.886562,0,1
452,491,722,969,4219,99042396062,2021-05-14 10:09:28.001712,138,0
453,1265,373,848,4540,86102524581,2021-06-04 23:43:50.265478,136,0
454,2604,187,729,2672,08241846658,2021-01-24 11:16:54.067880,85,0
455,2768,251,527,3362,96071888267,2021-04-16 16:29:42.717242,38,1
456,1088,88,648,4342,58021499969,2021-04-20 12:05:12.748755,12,0
457,422,685,954,3485,08212826399,2021-01-20 23:27:30.265881,131,0
458,1354,567,725,1832,80030740396,2021-04-11 11:28:50.801967,0,1
459,3436,178,653,3882,65110862320,2021-06-07 17:54:51.089365,96,1
460,637,1,644,2238,85013113275,2021-04-15 13:47:03.909666,22,1
461,454,544,700,2665,84030322712,2021-02-14 02:01:02.303478,97,0
462,631,302,764,991,70082138249,2021-06-11 17:20:47.070581,53,1
463,333,443,590,595,72052366906,2021-01-31 05:50:48.036233,104,1
464,1199,653,808,2328,56060638439,2021-06-25 13:52:23.726153,15,0
465,1675,242,934,2614,77100677586,2021-01-03 16:12:38.171769,0,1
466,1153,275,644,1224,55031843843,2021-01-10 20:36:10.963162,179,1
467,965,501,894,3917,04232961724,2021-03-24 11:16:59.369107,7,1
468,1043,892,936,3697,95110766560,2021-01-13 00:17:55.771129,123,0
469,704,425,985,3177,57122638341,2021-04-18 02:36:51.177390,0,1
470,2865,654,836,4587,52081929431,2021-04-27 00:50:24.988037,129,1
471,1222,429,761,2245,91040413402,2021-02-16 07:36:42.264601,139,1
472,1907,398,501,2244,61102640167,2021-04-20 16:49:12.948219,14,1
473,550,489,766,2981,70080985690,2021-03-23 01:28:04.454227,0,0
474,130,138,813,3231,50081453398,2021-04-25 11:48:34.919135,121,1
475,1591,218,648,1657,92122564463,2021-01-01 10:47:40.439322,146,0
476,2149,612,704,2160,94021395843,2021-01-19 09:36:01.988545,0,0
477,214,48,966,4483,68112597292,2021-02-23 19:09:02.702680,153,1
478,1459,428,857,2783,56040610402,2021-01-19 18:35:09.685682,0,0
479,1551,307,887,3658,01322519898,2021-04-09 07:22:23.154311,167,1
480,1059,143,977,1207,62120365137,2021-05-26 12:25:03.415227,76,0
481,829,621,750,2695,92090998705,2021-06-15 12:05:29.187155,0,0
482,1947,87,524,4692,77091953117,2021-04-19 15:05:06.560625,0,1
483,391,133,774,2145,72112150315,2021-04-11 22:11:26.096783,125,1
484,173,881,888,2741,58090576392,2021-02-15 05:02:48.547660,132,0
485,1197,164,783,1762,72081888439,2021-02-17 02:21:03.866736,13,0
486,236,32,941,1294,91100784572,2021-04-23 05:37:17.180691,1,0
487,2688,598,639,3178,90022271991,2021-01-22 00:55:01.547413,34,0
488,375,449,662,1870,87072185767,2021-06-02 23:38:11.726719,111,1
489,255,681,908,1102,99011287153,2021-06-20 10:16:50.129433,61,0
490,2079,585,985,2985,89090357168,2021-02-12 17:22:23.815317,0,1
491,2656,781,953,4363,91011016779,2021-01-08 19:45:44.980294,133,0
492,27,288,510,2470,68050337156,2021-04-07 06:38:01.302630,0,1
493,3781,356,549,4337,73091110675,2021-03-17 19:08:54.559881,55,1
494,1227,173,886,2169,76091636482,2021-05-18 07:45:24.621132,5,1
495,1131,545,616,1957,72101225714,2021-02-22 07:44:26.776315,73,1
496,2283,355,875,3744,61091096699,2021-03-30 13:39:24.428099,78,1
497,2049,624,922,2397,87092174062,2021-06-08 11:50:49.084580,83,1
498,772,291,955,1573,68112218953,2021-01-19 03:19:58.195326,62,0
499,2086,200,528,3823,56110875300,2021-04-01 18:36:50.469314,0,0
500,175,364,904,718,90042360651,2021-02-18 09:02:27.448331,33,1
501,434,439,723,2136,09322652711,2021-05-20 23:27:11.413088,0,1
502,2395,148,602,4708,68122362561,2021-05-29 15:40:02.386547,0,1
503,1145,890,907,3908,09210675565,2021-01-08 12:16:43.022608,9,0
504,642,495,996,1714,60010169399,2021-06-08 07:49:46.762300,162,0
505,1827,269,567,3109,84030322712,2021-03-31 21:52:21.453639,0,0
506,35,855,872,502,52072375087,2021-05-07 12:15:06.357827,145,1
507,441,407,726,1542,72090763938,2021-04-01 04:56:26.011499,106,1
508,441,554,583,1060,61022610617,2021-01-17 02:47:48.144378,52,1
509,295,35,789,3068,57091643825,2021-03-28 08:11:23.936001,0,0
510,916,151,664,3473,05280626621,2021-01-25 17:44:00.039118,62,0
511,2279,638,655,3765,93081122189,2021-02-15 13:55:28.772791,97,0
512,1171,344,753,1197,01271491890,2021-05-14 10:14:52.109188,163,0
513,2165,299,773,4008,87100231671,2021-05-10 04:47:36.216296,102,0
514,569,60,535,4757,75072611504,2021-05-04 18:11:50.830033,0,1
515,939,176,648,982,85081872232,2021-05-28 21:21:22.943420,23,0
516,277,453,619,1161,10272528610,2021-04-24 07:41:05.607896,98,0
517,76,86,887,199,87101248274,2021-02-06 01:35:50.303885,0,0
518,2768,75,599,3726,58060911103,2021-04-07 20:02:17.532906,15,1
519,1728,170,872,2923,61032258627,2021-03-03 16:11:12.305330,172,1
520,1169,359,883,2297,90070382227,2021-01-27 05:40:16.827831,140,1
521,2158,181,793,2391,56050542605,2021-01-25 02:54:45.045384,72,1
522,3085,166,893,4395,60011818193,2021-02-27 14:20:25.731955,116,1
523,936,250,678,2264,67033193147,2021-02-12 21:36:39.977081,51,0
524,654,392,701,3462,10281126223,2021-05-23 15:27:25.120013,153,0
525,2663,283,955,4031,93040180526,2021-03-23 08:38:31.298678,140,0
526,796,221,784,4332,05221370448,2021-05-18 02:00:51.888672,136,0
527,1827,661,822,2943,71100961180,2021-05-02 22:17:03.658707,0,0
528,1247,586,726,4931,70011446696,2021-05-19 06:57:21.413502,15,1
529,403,98,659,2751,77010793101,2021-04-16 02:45:06.220645,38,0
530,521,378,517,1195,07222020537,2021-03-29 06:22:36.594428,17,0
531,4003,36,787,4689,94090989318,2021-03-14 04:48:53.775432,53,1
532,4390,323,933,4984,86092518410,2021-06-01 06:00:04.388018,31,0
533,1500,297,504,3049,94022497858,2021-05-19 20:28:33.335555,104,0
534,91,318,657,2611,74030837761,2021-06-04 01:15:58.777695,58,1
535,3268,219,585,4479,59042632607,2021-02-08 15:32:36.228632,100,1
536,1915,187,979,4994,63062060311,2021-04-16 05:49:00.051578,0,0
537,3139,96,855,3859,78121086485,2021-04-13 12:28:21.650464,0,0
538,2767,652,744,4237,85061288169,2021-02-05 13:36:32.643537,0,1
539,300,882,951,359,92100315847,2021-01-14 17:46:31.069350,0,0
540,788,809,991,2466,78100412609,2021-01-10 18:59:37.313754,109,0
541,1324,17,538,1494,94091261536,2021-03-01 09:40:21.558530,23,1
542,677,362,978,3136,87041188294,2021-05-23 22:52:59.858315,105,0
543,4070,582,642,4285,74061836977,2021-06-18 20:57:02.110321,14,0
544,729,49,812,1656,10323013515,2021-03-15 23:27:41.061083,16,1
545,2491,450,540,4005,68052812363,2021-05-29 18:34:33.167007,158,1
546,442,65,907,3191,87100541187,2021-05-08 10:52:51.700123,85,0
547,1188,360,590,3690,03292446994,2021-03-10 17:13:34.656122,55,1
548,1593,86,943,3106,78070843151,2021-06-28 08:19:21.962924,118,1
549,113,692,726,1805,94051820944,2021-03-16 04:50:49.980462,5,1
550,468,226,791,1157,07281631684,2021-04-03 15:08:42.980584,75,0
551,285,375,888,2455,97020766517,2021-06-06 09:20:42.578686,64,1
552,1120,493,995,1675,03211040597,2021-03-29 01:01:39.839830,176,1
553,2092,596,606,2200,50110944855,2021-03-21 07:35:32.563455,0,1
554,3157,148,504,3797,91061522754,2021-06-20 04:08:57.954489,0,0
555,2098,231,932,4063,93070244047,2021-05-27 06:30:53.384603,0,1
556,3,349,837,238,01210627719,2021-05-04 22:18:31.062379,126,1
557,162,540,553,2895,00321470474,2021-04-10 05:50:07.116510,54,0
558,1358,830,870,2409,54110769003,2021-06-11 01:34:14.221685,156,1
559,810,3,639,4683,82030143735,2021-05-02 17:56:39.692743,0,1
560,3060,175,944,4118,82050895061,2021-03-16 11:08:59.548470,170,0
561,1826,323,692,3808,72052429805,2021-01-06 02:39:45.483438,0,1
562,911,99,525,2131,93073075484,2021-04-21 10:00:53.812361,0,0
563,624,418,681,803,02250566233,2021-04-07 23:40:59.162758,22,1
564,1797,135,872,3929,90012223690,2021-02-04 20:44:27.280502,94,1
565,2799,32,712,3977,61031951309,2021-06-25 02:34:52.936833,11,0
566,344,388,910,2145,67113072229,2021-05-02 13:32:25.680073,30,1
567,1316,160,519,3217,07231890864,2021-01-11 15:32:18.468898,175,0
568,53,449,951,3864,52011352298,2021-05-28 00:02:26.177241,123,0
569,4559,569,778,4707,64110713070,2021-02-17 04:06:23.857914,7,1
570,962,757,789,1688,71061569380,2021-04-07 09:20:24.867279,58,0
571,424,85,968,2023,95011157678,2021-02-15 20:24:55.366686,116,1
572,1881,454,658,2897,86082384535,2021-05-27 18:56:17.794016,65,0
573,1556,491,731,3317,98031247675,2021-02-24 14:51:40.302771,137,1
574,728,302,579,3791,62041023048,2021-04-05 20:12:53.603905,156,0
575,1392,98,791,1614,55080578491,2021-01-02 04:51:24.742457,151,0
576,347,39,537,3376,02321279442,2021-03-24 05:12:21.917111,44,1
577,1450,240,646,1526,70062265868,2021-05-15 00:58:08.939884,57,0
578,3085,472,855,4049,98020239377,2021-01-16 09:09:11.441437,41,0
579,265,420,517,428,94071288360,2021-02-15 04:46:54.100949,62,1
580,3779,529,980,4399,85052232180,2021-03-15 04:11:02.489905,178,0
581,1717,419,923,3806,81042981498,2021-05-14 15:46:19.515840,127,0
582,3410,443,787,3729,62031958334,2021-03-23 20:20:06.660133,99,0
583,45,66,996,572,98123186044,2021-06-02 06:38:21.183561,0,1
584,1823,10,547,4061,71030462940,2021-03-26 14:50:29.699889,74,1
585,3820,722,780,4786,68091217545,2021-02-15 19:58:36.981814,58,0
586,405,33,808,798,78071052774,2021-05-01 11:23:17.042168,66,1
587,1355,164,930,3371,55090684108,2021-06-20 16:15:27.277262,106,1
588,319,539,601,1372,53110841214,2021-02-12 22:06:35.390813,111,0
589,1684,845,979,2125,92020523087,2021-01-22 22:15:18.714171,0,1
590,588,280,831,877,84102682863,2021-04-03 00:17:32.408042,160,0
591,47,254,578,111,73091110675,2021-03-19 20:24:45.482427,144,0
592,201,448,621,227,95072167911,2021-02-14 10:18:23.541720,166,1
593,1662,119,679,3792,75010672974,2021-05-13 04:54:07.650805,140,1
594,1317,481,969,2508,63062031351,2021-04-29 12:53:37.668124,0,1
595,2894,178,590,4759,95030697531,2021-01-29 16:13:55.230781,59,1
596,3696,144,779,4133,87032496225,2021-02-28 14:44:09.047360,0,1
597,4226,469,658,4885,06250426874,2021-04-29 14:07:45.777131,96,1
598,715,533,705,4564,87052122894,2021-05-12 01:44:48.681715,0,1
599,893,343,523,4407,61101973925,2021-04-01 17:10:15.353182,172,1
600,347,574,744,486,77052821954,2021-04-13 12:40:08.230283,88,0
601,1716,444,590,1732,80080483296,2021-04-13 06:17:56.462744,0,1
602,2043,242,847,3536,94091261536,2021-01-29 15:43:39.005789,10,1
603,2098,425,905,2252,97071283922,2021-05-03 12:55:07.371732,105,1
604,986,227,727,2181,93110294667,2021-02-07 11:49:39.290124,0,1
605,1630,13,572,2208,58081245757,2021-05-02 12:23:38.217230,86,1
606,1270,516,609,3337,10282032620,2021-02-01 11:59:08.489602,91,1
607,775,786,817,1793,78110432231,2021-04-28 14:05:08.194413,104,0
608,497,397,873,3973,60081860593,2021-06-18 15:55:12.967441,6,1
609,119,109,752,379,07310352625,2021-05-29 05:36:49.327104,80,0
610,2579,607,761,3366,09232292676,2021-05-18 11:30:00.327294,18,0
611,322,335,845,4063,00211271910,2021-02-27 15:54:01.912053,134,0
612,1750,541,739,3429,60052544381,2021-04-27 03:27:02.705609,3,1
613,468,283,837,1759,72112555172,2021-04-08 21:35:36.024663,14,1
614,1857,410,881,3015,04241032763,2021-04-19 18:20:46.902358,8,1
615,3588,316,742,4181,83090416115,2021-06-18 16:47:15.599458,103,1
616,2192,439,568,2418,62072598263,2021-01-11 20:33:31.294861,177,0
617,277,670,778,1075,69072562335,2021-03-12 17:34:20.466337,39,0
618,937,189,662,1121,09321888964,2021-02-08 21:53:13.114809,3,0
619,1951,390,631,2056,69082756607,2021-04-03 07:17:57.503022,21,0
620,49,407,840,118,82081196607,2021-05-04 02:50:14.943117,36,0
621,2608,438,656,3065,75102071858,2021-03-01 18:21:36.532882,74,0
622,2208,612,973,2370,73032325632,2021-05-08 03:38:54.748720,67,1
623,1240,95,607,4751,59061014581,2021-02-15 04:04:55.507286,7,0
624,684,450,717,2034,58111167723,2021-06-04 07:33:06.615904,0,0
625,3312,173,647,4153,52031298154,2021-05-20 02:48:02.628067,138,0
626,1152,630,860,1747,08271286484,2021-06-28 01:54:39.429484,56,1
627,3702,330,559,4020,70081458582,2021-05-29 19:38:38.049137,114,1
628,143,18,534,614,95022892124,2021-04-03 21:00:53.067845,88,1
629,713,376,904,4827,02250425523,2021-04-20 13:10:08.128656,21,1
630,279,97,574,1665,88040889582,2021-02-28 19:09:06.885927,138,1
631,1965,119,752,2418,95093058029,2021-04-03 18:18:04.341712,0,0
632,1336,72,758,3791,93073075484,2021-04-13 07:12:45.187765,69,0
633,2845,201,985,3465,61022372593,2021-05-21 15:34:56.763175,113,1
634,70,434,899,113,52072375087,2021-03-13 04:48:51.980621,83,1
635,1955,611,936,3541,02292219805,2021-04-13 04:30:28.246271,153,1
636,79,400,617,786,10230728223,2021-03-26 07:32:28.725177,20,1
637,3306,599,767,4856,69101092060,2021-02-26 01:14:40.153028,129,0
638,249,239,841,4010,96102799757,2021-01-02 16:50:50.148770,1,1
639,880,157,733,1828,77100214495,2021-02-24 10:38:01.193607,0,0
640,129,652,700,309,75010672974,2021-01-06 07:37:12.497742,0,0
641,502,536,651,504,77051090249,2021-03-13 12:22:42.350682,53,1
642,1643,740,925,3076,81091494907,2021-05-20 20:13:24.052774,0,1
643,1913,185,968,1994,78062484610,2021-06-21 20:23:00.365509,55,1
644,2388,626,701,4668,77090277645,2021-01-11 22:30:10.467694,0,0
645,263,52,766,2300,58070443766,2021-03-08 00:20:57.197873,0,1
646,2224,197,528,4287,10210751612,2021-04-06 17:00:37.601580,5,0
647,347,200,740,2738,51062099811,2021-06-21 02:11:27.416385,127,1
648,308,357,611,3529,93062143763,2021-04-15 20:08:30.724965,84,1
649,100,511,622,2094,94021395843,2021-02-28 17:37:10.528466,88,1
650,786,380,952,2044,52041257886,2021-01-04 06:04:55.073629,0,0
651,81,21,816,557,71082911089,2021-06-12 10:11:23.482791,0,1
652,1082,205,630,3378,53092067664,2021-01-16 21:36:37.763764,8,1
653,1052,97,523,2695,55081732366,2021-05-29 08:06:57.847820,72,0
654,2263,287,909,4302,10262347894,2021-02-20 05:21:48.639739,0,1
655,542,699,908,780,64051544076,2021-06-27 14:30:24.052508,144,0
656,2048,160,866,2988,85102063467,2021-04-19 10:39:27.839065,110,1
657,286,531,684,2099,54062832639,2021-05-15 13:56:08.785043,19,0
658,2028,48,611,2209,84011548067,2021-06-19 05:21:31.347562,0,1
659,427,373,582,2999,85102063467,2021-04-18 08:19:22.584679,7,0
660,920,217,524,2789,51020796501,2021-01-07 12:47:15.612041,168,1
661,127,453,771,2514,86110447791,2021-05-12 17:30:53.712754,39,1
662,284,755,762,3943,56042494831,2021-02-23 14:36:51.816392,71,1
663,3734,98,906,4800,60090240870,2021-01-15 21:31:32.156182,0,1
664,435,235,917,907,70062265868,2021-04-12 15:06:41.613484,24,0
665,242,206,864,415,61111014377,2021-05-11 09:30:11.258509,106,1
666,241,927,928,798,82010794458,2021-03-15 05:11:15.090761,79,1
667,1784,225,969,2013,77111862124,2021-02-27 16:11:10.405945,154,0
668,2888,635,766,3387,07232085333,2021-06-25 12:40:06.726281,106,0
669,1969,108,744,4438,03222251489,2021-05-20 11:23:53.993619,133,0
670,2379,475,609,2606,54010936798,2021-01-23 04:49:15.739393,94,0
671,3459,715,876,4732,94082682058,2021-03-19 17:59:18.936410,167,0
672,32,661,730,838,84032822647,2021-02-17 23:11:34.854601,136,0
673,6,50,864,1116,86121487144,2021-04-06 23:26:59.743276,100,1
674,473,283,653,792,99041628294,2021-05-02 18:01:53.041763,0,0
675,1040,233,942,4062,74011223073,2021-06-25 07:02:08.667427,53,0
676,633,371,918,2427,67121159275,2021-06-07 14:53:40.684826,75,1
677,554,535,802,1244,85021770862,2021-05-26 00:47:44.724083,110,0
678,4360,497,604,4410,00262991988,2021-03-12 23:59:41.835201,123,0
679,1218,65,594,1505,66122369601,2021-06-19 20:24:23.171731,116,1
680,923,281,868,4429,93070265242,2021-04-25 02:03:34.456101,144,1
681,1639,149,811,2295,84021177730,2021-01-28 07:38:28.792735,32,0
682,3193,261,856,3852,61122856025,2021-01-06 03:18:38.899120,59,0
683,2378,473,771,4941,04212071883,2021-04-16 03:39:42.380208,18,1
684,3049,313,769,3933,83060816349,2021-02-10 00:38:07.734063,117,0
685,469,62,573,597,54102817048,2021-04-09 14:41:31.703709,4,1
686,134,649,979,312,03300453471,2021-04-23 00:18:01.030331,0,0
687,3232,171,644,3389,02251133539,2021-06-27 22:41:38.475015,70,1
688,672,856,974,1446,82022059253,2021-03-06 03:33:49.854666,101,0
689,62,682,753,105,64050429338,2021-02-08 09:31:02.532327,114,0
690,503,2,771,528,92080175686,2021-05-21 18:51:26.241460,8,1
691,1335,316,742,1446,53090543609,2021-04-20 18:54:36.394917,25,0
692,44,52,985,540,99051389927,2021-05-06 08:46:06.276240,77,0
693,4370,778,994,4445,52111022758,2021-06-06 02:36:47.219873,143,0
694,915,73,780,2029,93082610317,2021-06-14 03:38:52.636265,129,0
695,202,547,668,340,52100930806,2021-04-21 20:00:15.922136,135,1
696,1376,502,627,1773,04231756532,2021-04-03 14:23:34.680573,65,0
697,748,242,613,2207,55113098280,2021-02-01 02:03:03.992663,132,1
698,2238,124,870,2965,81090582726,2021-03-31 23:37:25.233446,67,0
699,1354,376,817,4271,07242599879,2021-05-08 20:06:03.094185,163,1
700,462,368,765,2553,54062832639,2021-01-23 00:04:04.599414,32,0
701,2536,581,805,2909,70100846581,2021-03-30 12:36:27.991847,51,0
702,719,134,642,1530,51022282354,2021-04-11 20:53:30.208921,116,1
703,615,361,1000,947,97102822128,2021-04-12 03:58:12.681693,148,1
704,686,543,970,944,86031350835,2021-05-09 12:48:02.278946,113,1
705,898,613,618,2463,63062031351,2021-01-24 23:46:56.817131,172,1
706,3577,278,581,3855,63101084418,2021-04-26 01:55:12.196107,149,1
707,232,246,707,1372,10321385054,2021-03-31 22:58:23.850831,52,0
708,137,758,778,4972,06310855961,2021-03-12 15:43:47.136909,56,1
709,2119,807,850,4277,65081043964,2021-02-11 21:44:36.776108,29,0
710,597,521,773,812,09220436370,2021-02-21 07:29:50.783010,98,0
711,1801,139,936,2728,62102067592,2021-04-26 19:21:41.226588,91,0
712,2064,930,984,2287,88111896840,2021-03-05 06:12:00.321562,150,0
713,868,417,923,2540,92111729484,2021-03-03 10:01:59.402572,0,1
714,1716,559,677,1943,05252746506,2021-06-22 03:45:47.477523,148,1
715,4265,673,760,4415,95101233912,2021-04-20 09:06:41.618180,75,0
716,2519,38,994,4304,61032135201,2021-06-24 18:31:21.271081,67,1
717,2148,273,732,3062,50110122516,2021-01-15 06:08:56.868350,174,0
718,2832,483,848,3493,63103125287,2021-06-04 10:48:17.407761,179,1
719,830,563,617,839,99032113589,2021-01-24 17:20:11.891007,111,1
720,3465,8,896,3655,94051452350,2021-03-26 18:30:18.913210,139,1
721,224,268,536,729,04280538349,2021-05-27 10:00:43.017123,172,0
722,1962,780,944,3769,53073062437,2021-06-05 20:39:51.974351,108,0
723,3,310,993,331,02241789135,2021-03-12 18:42:32.735559,169,1
724,903,21,888,2827,83071070703,2021-06-17 07:11:20.999121,97,0
725,629,278,570,802,76111388452,2021-06-03 15:05:18.458416,141,0
726,739,939,985,1948,01280643916,2021-05-31 21:55:56.045908,0,0
727,475,62,974,3517,82071852074,2021-05-07 11:42:00.031859,156,0
728,1138,390,569,1153,59041021466,2021-01-15 11:58:38.906501,0,1
729,1164,786,827,2015,90042376162,2021-05-08 17:29:12.371274,164,1
730,1299,813,842,1477,96111864554,2021-02-19 22:01:57.403651,111,1
731,2862,545,556,4049,07222020537,2021-05-14 09:56:54.737035,115,0
732,2578,247,645,4410,65081043964,2021-03-22 18:30:12.112240,136,1
733,512,196,663,1420,63110980693,2021-04-21 13:32:36.834179,54,1
734,758,444,503,858,52011293324,2021-05-17 00:41:02.054917,69,1
735,319,128,525,483,59010855654,2021-03-18 06:14:53.096704,2,1
736,769,339,579,1784,66122793145,2021-01-03 07:00:49.596377,77,1
737,240,106,829,918,90043057929,2021-02-23 20:09:16.542795,0,0
738,1022,370,675,2529,85102053792,2021-02-20 15:12:21.169185,28,1
739,1479,203,691,3599,88111610037,2021-01-14 15:05:25.164157,96,1
740,5,727,962,456,93101849360,2021-01-23 18:47:47.250877,141,1
741,1542,402,868,1550,95072385209,2021-02-05 21:09:51.317473,162,0
742,4409,56,542,4736,03250127316,2021-04-06 11:10:34.516790,24,1
743,4104,259,538,4579,97071398064,2021-01-22 01:27:54.643722,0,1
744,1248,175,662,3625,76070223487,2021-04-22 04:42:10.679660,61,0
745,230,75,995,1223,70041871608,2021-04-20 03:31:04.492054,20,1
746,3015,170,503,3900,56120425629,2021-05-18 06:38:47.157682,108,0
747,381,376,904,1871,59010855654,2021-01-03 07:33:16.900853,12,0
748,504,867,899,685,68040744214,2021-01-06 03:17:20.242430,40,1
749,474,502,996,517,54062250822,2021-03-24 09:15:49.157645,121,1
750,99,280,920,175,57041429321,2021-03-14 19:54:27.640844,42,0
751,1545,296,553,3759,01322276861,2021-03-27 05:43:25.426125,22,0
752,258,129,590,1568,78070210768,2021-05-17 07:58:17.617072,111,0
753,45,538,775,273,53042927257,2021-02-21 15:50:22.746687,112,1
754,186,334,723,397,03281720689,2021-04-30 12:51:24.701539,129,1
755,922,475,921,3269,53051986881,2021-03-17 03:05:41.955397,156,1
756,4004,447,865,4605,86032250493,2021-03-31 08:10:59.998408,106,0
757,2810,817,855,2938,81100234108,2021-04-25 10:52:47.797287,0,1
758,177,358,531,335,04212071883,2021-01-05 11:00:23.254182,61,0
759,31,79,553,366,55101188063,2021-02-04 04:58:33.244863,0,1
760,385,214,624,4357,86032517253,2021-01-10 04:22:13.851545,106,1
761,3462,736,785,4185,01291860272,2021-05-08 09:36:05.865598,115,1
762,1005,219,695,1493,69032544580,2021-06-08 14:10:18.931426,0,0
763,447,221,570,540,68030351376,2021-06-24 13:45:59.991946,13,1
764,1343,419,989,1765,85051039771,2021-03-06 22:21:13.115936,0,1
765,1149,277,642,2568,69021188175,2021-05-14 18:58:31.671997,21,0
766,527,106,541,1162,93070265242,2021-03-05 20:54:00.446191,148,0
767,3079,98,545,4083,02292580921,2021-01-19 01:36:38.074485,119,1
768,3518,79,632,3572,78070272850,2021-02-12 06:12:19.165578,26,0
769,2574,364,534,3012,68110411457,2021-02-19 21:16:12.117267,45,0
770,778,275,966,1857,00211470623,2021-02-27 17:59:16.408332,105,1
771,85,220,997,107,73090899142,2021-04-24 10:47:32.177131,35,0
772,63,581,606,366,93091810788,2021-02-23 21:31:44.194864,0,1
773,3735,464,739,4358,08271286484,2021-06-09 19:23:04.402503,0,1
774,2658,633,784,3253,94011152164,2021-01-10 09:52:42.325009,0,0
775,2341,330,825,4034,09232628976,2021-03-28 02:16:22.846457,0,1
776,2098,130,601,2660,76040465567,2021-05-10 03:45:00.323712,66,1
777,2382,348,895,3166,92102949079,2021-06-09 06:12:51.886442,118,1
778,3448,253,896,4045,00220372439,2021-03-20 09:14:29.315637,77,1
779,1107,882,947,2702,66010913204,2021-05-25 23:00:14.963435,116,0
780,1686,597,599,2133,09231571800,2021-03-23 13:59:17.118607,58,0
781,473,153,985,658,02222273978,2021-01-24 00:00:29.458993,160,1
782,2090,219,943,2630,94012918644,2021-01-10 17:26:59.164965,30,1
783,201,303,785,4380,61011597628,2021-01-18 00:56:32.952451,71,0
784,723,845,883,1036,81092025212,2021-04-21 22:09:51.647152,23,0
785,966,40,942,2773,60090240870,2021-06-14 22:28:55.209606,0,1
786,502,83,826,1677,04250257012,2021-01-20 08:55:27.714711,10,1
787,1631,111,690,2250,95022892124,2021-04-05 13:46:46.804546,116,0
788,290,495,975,1163,01231713550,2021-01-10 14:47:12.517884,80,1
789,365,235,618,1190,73101425616,2021-02-25 11:42:41.181671,126,0
790,115,79,614,281,90092295677,2021-01-28 05:24:57.893178,147,0
791,2421,136,500,4701,07263072476,2021-04-14 15:05:54.617582,0,1
792,578,530,982,1495,95030697531,2021-01-28 04:51:58.816095,95,1
793,446,425,842,530,05251295148,2021-05-24 07:13:42.809753,131,0
794,755,248,840,1427,79090828630,2021-02-23 00:13:04.617251,129,0
795,293,395,507,2003,52021372356,2021-03-11 10:40:44.735422,0,0
796,94,403,628,159,82073092719,2021-05-17 07:40:56.622975,145,0
797,1215,335,638,3387,01301197754,2021-02-23 12:23:53.358942,164,1
798,607,65,788,1026,72112977635,2021-03-21 02:28:45.175683,4,0
799,2005,147,968,4866,83030778103,2021-03-22 04:24:02.919479,0,0
800,4172,0,506,4810,61081425274,2021-01-13 01:30:07.049558,0,1
801,3048,69,771,3473,92122564463,2021-05-24 10:21:20.395371,95,1
802,1540,342,558,1937,01280643916,2021-02-28 19:57:52.315892,59,0
803,4377,425,765,4485,67030821399,2021-02-26 10:49:31.985550,99,0
804,753,40,690,3277,72052429805,2021-03-27 17:54:40.728058,67,0
805,379,802,891,2384,05251066993,2021-05-14 15:28:05.958843,46,0
806,27,230,513,123,08252892970,2021-02-26 15:19:42.254974,80,0
807,416,244,982,528,95070588475,2021-06-28 17:42:27.547035,141,0
808,455,409,509,813,90052359962,2021-05-15 18:46:57.151277,86,1
809,561,561,719,3418,60091824602,2021-06-16 05:20:34.860329,0,0
810,1458,549,959,3146,08222677590,2021-05-19 21:09:23.893586,6,0
811,3761,738,775,4110,94060694589,2021-04-06 03:09:48.721465,71,1
812,720,182,513,4945,60011818193,2021-03-05 21:26:36.230505,47,1
813,2226,105,967,3266,50081453398,2021-04-18 08:12:57.514397,6,0
814,972,366,794,1816,03311765774,2021-03-31 06:24:25.746317,0,1
815,2032,383,922,2859,03260266353,2021-05-27 10:40:12.861903,160,1
816,4026,624,954,4220,73112972644,2021-03-11 17:47:04.194593,75,0
817,184,570,765,559,69103112436,2021-04-17 03:13:42.040792,168,1
818,72,468,632,3510,66010974210,2021-04-15 14:04:19.553430,40,0
819,1379,615,976,2666,02261457951,2021-05-08 15:32:22.998216,101,1
820,677,528,902,755,78091540707,2021-04-10 05:09:53.707017,9,1
821,433,204,657,945,07231057344,2021-04-13 12:09:58.378568,165,1
822,356,690,973,4455,96013021817,2021-01-30 08:45:54.153452,133,0
823,761,769,982,3747,68030351376,2021-04-23 02:37:32.077673,79,0
824,1506,163,697,1687,06230462832,2021-06-10 04:40:58.045340,159,1
825,1455,154,772,4043,85060548510,2021-06-16 02:26:43.297555,0,1
826,1619,436,650,2217,08212826399,2021-02-05 14:53:10.264762,75,0
827,2295,45,794,3199,67092427681,2021-02-14 01:49:50.826284,36,0
828,2213,390,875,4143,62013189662,2021-02-07 07:54:43.864714,99,1
829,3381,589,887,3938,67080158346,2021-06-05 21:11:17.261128,106,1
830,961,298,706,1367,05252746506,2021-02-25 17:16:55.504269,21,0
831,3588,371,528,4730,76110880184,2021-06-09 18:30:18.093212,71,1
832,626,478,591,1330,70101858066,2021-04-30 21:50:54.251319,157,0
833,450,679,994,992,51122531130,2021-05-24 20:53:42.528032,65,0
834,2670,872,892,4397,77040933469,2021-01-15 11:01:29.353495,35,0
835,32,59,539,504,56071752535,2021-03-02 13:32:22.842824,13,0
836,1001,225,986,4032,01240339204,2021-04-16 11:46:35.391229,114,1
837,2846,140,971,3310,04230489442,2021-04-30 01:15:35.670135,93,1
838,886,410,526,1955,97011987097,2021-05-20 08:57:55.240384,0,1
839,1280,69,572,1678,87100529820,2021-06-28 13:07:26.315896,30,1
840,2302,156,922,3874,71050882311,2021-06-09 18:43:06.100649,0,1
841,2492,519,530,3629,56053193594,2021-06-26 11:36:26.382122,179,0
842,73,426,886,142,78121086485,2021-04-13 01:09:56.772115,50,0
843,43,160,527,283,70060131068,2021-06-15 23:55:53.588899,71,0
844,1271,225,572,1873,02311565421,2021-03-09 23:32:10.066960,145,1
845,1706,36,891,4542,81021778039,2021-04-08 22:27:00.058619,94,0
846,419,226,963,1846,84110353911,2021-02-01 08:24:04.422595,134,1
847,668,252,644,2242,92080175686,2021-02-27 17:55:12.390947,139,0
848,574,377,691,586,88101854852,2021-04-06 07:03:16.859529,34,0
849,2607,679,972,2737,81121769047,2021-02-03 10:58:14.104841,0,0
850,725,129,659,1418,61120352882,2021-04-23 04:31:09.679586,166,1
851,464,105,530,562,91040413402,2021-03-02 22:19:45.044621,105,0
852,75,719,963,218,60102472969,2021-06-12 17:20:48.079975,42,1
853,180,343,835,1605,07310519792,2021-01-04 04:47:42.927798,143,0
854,1347,70,672,1461,90030866646,2021-04-17 07:26:35.115462,93,1
855,206,289,768,329,57062891422,2021-02-16 17:24:15.178807,0,1
856,1646,26,703,3866,89112335767,2021-01-10 16:55:45.869204,21,0
857,1166,191,919,4193,54020517574,2021-04-05 21:29:15.037777,0,0
858,147,336,573,3090,03262775617,2021-06-22 19:29:56.356719,140,1
859,541,573,745,793,51041142341,2021-03-19 03:34:34.487931,37,1
860,1436,156,809,3602,86010573547,2021-01-03 07:49:28.363197,91,0
861,1872,103,974,4463,69071074824,2021-06-21 23:01:02.599684,19,1
862,514,294,797,2723,94122945194,2021-05-11 08:51:53.205119,102,1
863,517,130,694,4193,81042981498,2021-02-16 17:42:27.686750,108,1
864,1001,153,542,1832,53123181840,2021-06-05 21:22:38.721354,34,1
865,1027,486,660,4896,96111544113,2021-04-03 22:02:36.987848,74,0
866,2143,682,934,3032,01252541660,2021-05-30 20:19:46.756822,135,0
867,2963,265,912,4582,82042378084,2021-05-30 12:55:22.877008,115,0
868,2157,319,933,2446,80030740396,2021-03-27 00:57:07.935436,0,1
869,2074,111,714,2080,58020570511,2021-04-23 16:01:44.098554,0,1
870,34,200,932,783,66123183361,2021-05-05 04:46:22.880840,30,0
871,2542,419,678,2878,71071444031,2021-04-13 07:15:48.147010,119,0
872,3968,606,729,4508,57111853865,2021-04-29 16:56:27.078702,35,1
873,2268,209,647,3600,94042328402,2021-05-15 02:21:38.201193,134,1
874,1201,531,962,2823,51081963898,2021-01-16 06:29:52.759462,32,1
875,4321,295,668,4334,03271699971,2021-04-07 15:42:41.855434,0,1
876,2294,429,968,3042,70061495824,2021-04-20 23:01:12.824896,176,0
877,688,534,919,1981,10271764439,2021-01-08 11:39:15.340179,153,1
878,781,449,721,3625,68102166132,2021-01-04 22:57:59.744756,0,1
879,234,20,951,895,80122896844,2021-04-05 11:06:41.139712,79,0
880,3512,204,551,4524,61112216310,2021-05-04 20:52:58.768926,23,1
881,348,273,682,2823,90013076501,2021-04-28 21:08:26.869347,101,1
882,602,117,626,1566,63123116522,2021-04-04 12:22:05.560549,0,0
883,949,371,538,2776,80080442439,2021-01-03 20:33:37.674330,0,0
884,2192,246,719,3042,52060234385,2021-01-18 02:57:27.217594,43,1
885,1745,611,931,1809,51060542090,2021-05-08 22:14:31.385658,45,1
886,1115,92,939,1806,65010960100,2021-06-21 03:21:56.918014,1,0
887,622,945,982,1384,80102778513,2021-05-19 09:35:27.339112,113,1
888,995,700,842,1237,82072222034,2021-04-30 02:59:12.364828,93,0
889,3475,51,897,4076,71050638721,2021-06-16 21:25:31.579687,113,1
890,1649,388,588,3764,00211259318,2021-05-25 20:41:51.561622,0,0
891,113,617,853,831,08212826399,2021-05-01 03:51:50.682765,172,0
892,257,206,565,391,80021913927,2021-05-01 13:02:49.251214,17,0
893,276,709,767,410,04262261667,2021-04-20 02:30:31.621057,30,1
894,448,558,808,1507,62092136779,2021-06-06 22:59:02.403927,44,0
895,1324,257,682,4709,07320936763,2021-06-27 09:16:31.933472,107,1
896,3482,187,760,3658,73030237441,2021-04-06 00:59:24.485297,81,1
897,292,492,564,305,50060541047,2021-03-27 04:54:28.429982,164,1
898,53,35,817,3257,88032763771,2021-02-12 04:41:53.388232,0,0
899,652,677,959,4932,77010793101,2021-05-15 15:44:36.896223,126,0
900,97,24,730,247,52012659837,2021-02-02 22:38:04.752932,28,1
901,3262,58,523,3874,05242894574,2021-03-27 04:47:01.705783,152,0
902,351,412,629,1074,82032660076,2021-04-06 03:14:39.213592,81,1
903,536,115,635,1645,02291985864,2021-01-23 17:08:26.731801,12,0
904,3711,263,945,4544,96080120691,2021-01-13 05:24:46.153711,74,1
905,923,332,634,1907,95091319601,2021-02-23 14:25:41.040841,0,0
906,360,121,883,2161,63082815616,2021-02-28 17:57:58.290804,59,0
907,488,303,937,1672,02292219805,2021-02-12 09:17:49.833169,103,0
908,219,652,812,1033,07211135808,2021-03-21 17:45:40.686845,93,0
909,1635,600,718,4908,59070961892,2021-06-26 20:41:58.077881,138,1
910,839,697,852,1597,64102693043,2021-06-15 18:48:26.082938,65,1
911,37,318,843,1307,52070572417,2021-05-26 13:59:39.620818,170,0
912,154,361,987,274,76022366499,2021-03-25 08:42:14.256228,155,0
913,1941,135,946,3160,85121591509,2021-02-13 13:08:41.387703,161,0
914,3663,143,670,4060,84032822647,2021-04-17 10:50:36.109437,13,1
915,1165,320,683,1186,66040185792,2021-03-11 08:34:41.922294,48,0
916,266,544,737,634,76092610243,2021-03-30 08:04:17.611752,0,0
917,4720,286,518,4839,51043080823,2021-03-03 10:43:15.901698,78,0
